csUKA_app20.UKA60..Treatment time,csUKA_app20.UKA60.Sgroup_contrast,csUKA_app20.UKA60.contrast,csUKA_app20.UKA60.Kinase Name,csUKA_app20.UKA60.metadata,csUKA_app20.UKA60.Kinase Uniprot ID,csUKA_app20.UKA60.entrezid,csUKA_app20.UKA60.Kinase Group,csUKA_app20.UKA60.Kinase Family,csUKA_app20.UKA60.Kinase Statistic,csUKA_app20.UKA60.Specificity Score,csUKA_app20.UKA60.Significance Score,csUKA_app20.UKA60.Final score,csUKA_app20.UKA60.Final score rank,csUKA_app20.UKA60.Kinase Change,csUKA_app20.UKA60.Peptide set size
0.5,0.5_T03 vs DMSO,T03 vs DMSO,CDC42BPA,uka_operator=csUKA;uka_type=Comparison;kinase_family=STK;uka_db_version=0.6;min_pep_set_size=3;rm_dual_spec_kinases=TRUE;min_seq_hom=0.9;min_PN_score=300;min_kl_score=1;nperms=500;max_rank=12;contr_reverse=TRUE;antibody_recognition=FALSE;rescue_unrecognized_peptides=FALSE;score_df=Score-based,Q5VT25,8476,AGC,DMPK,0.3919138570923788,2.6989700043360187,1.0087739243075051,3.7077439286435236,1,0.3218081717896719,11
0.5,0.5_T03 vs DMSO,T03 vs DMSO,PRKAA1,uka_operator=csUKA;uka_type=Comparison;kinase_family=STK;uka_db_version=0.6;min_pep_set_size=3;rm_dual_spec_kinases=TRUE;min_seq_hom=0.9;min_PN_score=300;min_kl_score=1;nperms=500;max_rank=12;contr_reverse=TRUE;antibody_recognition=FALSE;rescue_unrecognized_peptides=FALSE;score_df=Score-based,Q13131,5562,CAMK,CAMKL,0.42334463964194247,2.6989700043360187,0.8068754016455384,3.505845405981557,3,0.35533498388244983,21
0.5,0.5_T03 vs DMSO,T03 vs DMSO,PRKG1,uka_operator=csUKA;uka_type=Comparison;kinase_family=STK;uka_db_version=0.6;min_pep_set_size=3;rm_dual_spec_kinases=TRUE;min_seq_hom=0.9;min_PN_score=300;min_kl_score=1;nperms=500;max_rank=12;contr_reverse=TRUE;antibody_recognition=FALSE;rescue_unrecognized_peptides=FALSE;score_df=Score-based,Q13976,5592,AGC,PKG,0.3566139880442244,2.6989700043360187,0.8068754016455384,3.505845405981557,4,0.3424852167897372,60
0.5,0.5_T03 vs DMSO,T03 vs DMSO,TSSK4,uka_operator=csUKA;uka_type=Comparison;kinase_family=STK;uka_db_version=0.6;min_pep_set_size=3;rm_dual_spec_kinases=TRUE;min_seq_hom=0.9;min_PN_score=300;min_kl_score=1;nperms=500;max_rank=12;contr_reverse=TRUE;antibody_recognition=FALSE;rescue_unrecognized_peptides=FALSE;score_df=Score-based,Q6SA08,283629,CAMK,TSSK,0.4760233311927172,2.6989700043360187,0.9746941347352298,3.6736641390712483,2,0.5283919268001604,7
2,2_T03 vs DMSO,T03 vs DMSO,AKT2,uka_operator=csUKA;uka_type=Comparison;kinase_family=STK;uka_db_version=0.6;min_pep_set_size=3;rm_dual_spec_kinases=TRUE;min_seq_hom=0.9;min_PN_score=300;min_kl_score=1;nperms=500;max_rank=12;contr_reverse=TRUE;antibody_recognition=FALSE;rescue_unrecognized_peptides=FALSE;score_df=Score-based,P31751,208,AGC,Akt,0.4805962792883454,2.6989700043360187,1.6575773191777938,4.356547323513812,20,0.34422003787272404,43
2,2_T03 vs DMSO,T03 vs DMSO,CAMK1D,uka_operator=csUKA;uka_type=Comparison;kinase_family=STK;uka_db_version=0.6;min_pep_set_size=3;rm_dual_spec_kinases=TRUE;min_seq_hom=0.9;min_PN_score=300;min_kl_score=1;nperms=500;max_rank=12;contr_reverse=TRUE;antibody_recognition=FALSE;rescue_unrecognized_peptides=FALSE;score_df=Score-based,Q8IU85,57118,CAMK,CAMK1,0.8753616689858347,2.6989700043360187,2,4.698970004336019,5,0.6714382775759684,11
2,2_T03 vs DMSO,T03 vs DMSO,CAMK4,uka_operator=csUKA;uka_type=Comparison;kinase_family=STK;uka_db_version=0.6;min_pep_set_size=3;rm_dual_spec_kinases=TRUE;min_seq_hom=0.9;min_PN_score=300;min_kl_score=1;nperms=500;max_rank=12;contr_reverse=TRUE;antibody_recognition=FALSE;rescue_unrecognized_peptides=FALSE;score_df=Score-based,Q16566,814,CAMK,CAMK1,0.49455859485637954,2.6989700043360187,1.9208187539523751,4.619788758288394,11,0.37124979763429183,24
2,2_T03 vs DMSO,T03 vs DMSO,CSNK1A1L,uka_operator=csUKA;uka_type=Comparison;kinase_family=STK;uka_db_version=0.6;min_pep_set_size=3;rm_dual_spec_kinases=TRUE;min_seq_hom=0.9;min_PN_score=300;min_kl_score=1;nperms=500;max_rank=12;contr_reverse=TRUE;antibody_recognition=FALSE;rescue_unrecognized_peptides=FALSE;score_df=Score-based,Q8N752,122011,CK1,CK1,0.5621471912570104,2.6989700043360187,2.3979400086720375,5.096910013008056,1,0.40465025970124974,13
2,2_T03 vs DMSO,T03 vs DMSO,DAPK1,uka_operator=csUKA;uka_type=Comparison;kinase_family=STK;uka_db_version=0.6;min_pep_set_size=3;rm_dual_spec_kinases=TRUE;min_seq_hom=0.9;min_PN_score=300;min_kl_score=1;nperms=500;max_rank=12;contr_reverse=TRUE;antibody_recognition=FALSE;rescue_unrecognized_peptides=FALSE;score_df=Score-based,P53355,1612,CAMK,DAPK,0.6562112661119821,2.6989700043360187,1.744727494896694,4.443697499232712,18,0.481112872,16
2,2_T03 vs DMSO,T03 vs DMSO,MARK4,uka_operator=csUKA;uka_type=Comparison;kinase_family=STK;uka_db_version=0.6;min_pep_set_size=3;rm_dual_spec_kinases=TRUE;min_seq_hom=0.9;min_PN_score=300;min_kl_score=1;nperms=500;max_rank=12;contr_reverse=TRUE;antibody_recognition=FALSE;rescue_unrecognized_peptides=FALSE;score_df=Score-based,Q96L34,57787,CAMK,CAMKL,1.004374513,2.6989700043360187,2.3979400086720375,5.096910013008056,2,0.8132560230765918,3
2,2_T03 vs DMSO,T03 vs DMSO,PAK4,uka_operator=csUKA;uka_type=Comparison;kinase_family=STK;uka_db_version=0.6;min_pep_set_size=3;rm_dual_spec_kinases=TRUE;min_seq_hom=0.9;min_PN_score=300;min_kl_score=1;nperms=500;max_rank=12;contr_reverse=TRUE;antibody_recognition=FALSE;rescue_unrecognized_peptides=FALSE;score_df=Score-based,O96013,10298,STE,STE20,0.6459088948460394,2.6989700043360187,2,4.698970004336019,6,0.4652440316174124,16
2,2_T03 vs DMSO,T03 vs DMSO,PAK6,uka_operator=csUKA;uka_type=Comparison;kinase_family=STK;uka_db_version=0.6;min_pep_set_size=3;rm_dual_spec_kinases=TRUE;min_seq_hom=0.9;min_PN_score=300;min_kl_score=1;nperms=500;max_rank=12;contr_reverse=TRUE;antibody_recognition=FALSE;rescue_unrecognized_peptides=FALSE;score_df=Score-based,Q9NQU5,56924,STE,STE20,0.6031759609547774,2.6989700043360187,2,4.698970004336019,7,0.48045951070444237,13
2,2_T03 vs DMSO,T03 vs DMSO,PNCK,uka_operator=csUKA;uka_type=Comparison;kinase_family=STK;uka_db_version=0.6;min_pep_set_size=3;rm_dual_spec_kinases=TRUE;min_seq_hom=0.9;min_PN_score=300;min_kl_score=1;nperms=500;max_rank=12;contr_reverse=TRUE;antibody_recognition=FALSE;rescue_unrecognized_peptides=FALSE;score_df=Score-based,Q6P2M8,139728,CAMK,CAMK1,0.6230849642132998,2.6989700043360187,2,4.698970004336019,8,0.5104516030419407,11
2,2_T03 vs DMSO,T03 vs DMSO,PRKAA1,uka_operator=csUKA;uka_type=Comparison;kinase_family=STK;uka_db_version=0.6;min_pep_set_size=3;rm_dual_spec_kinases=TRUE;min_seq_hom=0.9;min_PN_score=300;min_kl_score=1;nperms=500;max_rank=12;contr_reverse=TRUE;antibody_recognition=FALSE;rescue_unrecognized_peptides=FALSE;score_df=Score-based,Q13131,5562,CAMK,CAMKL,0.6120042567492602,2.6989700043360187,1.6575773191777938,4.356547323513812,21,0.42299595333707707,21
2,2_T03 vs DMSO,T03 vs DMSO,PRKACA,uka_operator=csUKA;uka_type=Comparison;kinase_family=STK;uka_db_version=0.6;min_pep_set_size=3;rm_dual_spec_kinases=TRUE;min_seq_hom=0.9;min_PN_score=300;min_kl_score=1;nperms=500;max_rank=12;contr_reverse=TRUE;antibody_recognition=FALSE;rescue_unrecognized_peptides=FALSE;score_df=Score-based,P17612,5566,AGC,PKA,0.5838087061622654,2.6989700043360187,1.6575773191777938,4.356547323513812,22,0.44781477475611337,74
2,2_T03 vs DMSO,T03 vs DMSO,PRKACB,uka_operator=csUKA;uka_type=Comparison;kinase_family=STK;uka_db_version=0.6;min_pep_set_size=3;rm_dual_spec_kinases=TRUE;min_seq_hom=0.9;min_PN_score=300;min_kl_score=1;nperms=500;max_rank=12;contr_reverse=TRUE;antibody_recognition=FALSE;rescue_unrecognized_peptides=FALSE;score_df=Score-based,P22694,5567,AGC,PKA,0.4823255821879958,2.6989700043360187,1.6197887582883939,4.318758762624412,25,0.38113755295190377,51
2,2_T03 vs DMSO,T03 vs DMSO,PRKG1,uka_operator=csUKA;uka_type=Comparison;kinase_family=STK;uka_db_version=0.6;min_pep_set_size=3;rm_dual_spec_kinases=TRUE;min_seq_hom=0.9;min_PN_score=300;min_kl_score=1;nperms=500;max_rank=12;contr_reverse=TRUE;antibody_recognition=FALSE;rescue_unrecognized_peptides=FALSE;score_df=Score-based,Q13976,5592,AGC,PKG,0.5665243278349946,2.6989700043360187,1.744727494896694,4.443697499232712,19,0.4421145695449679,60
2,2_T03 vs DMSO,T03 vs DMSO,PRKG2,uka_operator=csUKA;uka_type=Comparison;kinase_family=STK;uka_db_version=0.6;min_pep_set_size=3;rm_dual_spec_kinases=TRUE;min_seq_hom=0.9;min_PN_score=300;min_kl_score=1;nperms=500;max_rank=12;contr_reverse=TRUE;antibody_recognition=FALSE;rescue_unrecognized_peptides=FALSE;score_df=Score-based,Q13237,5593,AGC,PKG,0.5897647512515888,2.6989700043360187,1.9208187539523751,4.619788758288394,13,0.4597286297187301,52
2,2_T03 vs DMSO,T03 vs DMSO,PRKX,uka_operator=csUKA;uka_type=Comparison;kinase_family=STK;uka_db_version=0.6;min_pep_set_size=3;rm_dual_spec_kinases=TRUE;min_seq_hom=0.9;min_PN_score=300;min_kl_score=1;nperms=500;max_rank=12;contr_reverse=TRUE;antibody_recognition=FALSE;rescue_unrecognized_peptides=FALSE;score_df=Score-based,P51817,5613,AGC,PKA,0.49348478827492787,2.6989700043360187,1.6575773191777938,4.356547323513812,23,0.3795897656430108,57
2,2_T03 vs DMSO,T03 vs DMSO,RPS6KA4,uka_operator=csUKA;uka_type=Comparison;kinase_family=STK;uka_db_version=0.6;min_pep_set_size=3;rm_dual_spec_kinases=TRUE;min_seq_hom=0.9;min_PN_score=300;min_kl_score=1;nperms=500;max_rank=12;contr_reverse=TRUE;antibody_recognition=FALSE;rescue_unrecognized_peptides=FALSE;score_df=Score-based,O75676,8986,AGC-CAMK,RSK,0.5886839583344444,2.6989700043360187,2,4.698970004336019,9,0.4666057097935393,20
2,2_T03 vs DMSO,T03 vs DMSO,RPS6KA5,uka_operator=csUKA;uka_type=Comparison;kinase_family=STK;uka_db_version=0.6;min_pep_set_size=3;rm_dual_spec_kinases=TRUE;min_seq_hom=0.9;min_PN_score=300;min_kl_score=1;nperms=500;max_rank=12;contr_reverse=TRUE;antibody_recognition=FALSE;rescue_unrecognized_peptides=FALSE;score_df=Score-based,O75582,9252,AGC-CAMK,RSK,0.6002070004767771,2.6989700043360187,1.9208187539523751,4.619788758288394,14,0.47874120485104815,60
2,2_T03 vs DMSO,T03 vs DMSO,RPS6KB2,uka_operator=csUKA;uka_type=Comparison;kinase_family=STK;uka_db_version=0.6;min_pep_set_size=3;rm_dual_spec_kinases=TRUE;min_seq_hom=0.9;min_PN_score=300;min_kl_score=1;nperms=500;max_rank=12;contr_reverse=TRUE;antibody_recognition=FALSE;rescue_unrecognized_peptides=FALSE;score_df=Score-based,Q9UBS0,6199,AGC,RSK,0.5091893143351925,2.6989700043360187,1.6575773191777938,4.356547323513812,24,0.37818904298933514,58
2,2_T03 vs DMSO,T03 vs DMSO,TSSK4,uka_operator=csUKA;uka_type=Comparison;kinase_family=STK;uka_db_version=0.6;min_pep_set_size=3;rm_dual_spec_kinases=TRUE;min_seq_hom=0.9;min_PN_score=300;min_kl_score=1;nperms=500;max_rank=12;contr_reverse=TRUE;antibody_recognition=FALSE;rescue_unrecognized_peptides=FALSE;score_df=Score-based,Q6SA08,283629,CAMK,TSSK,0.8366661390219899,2.6989700043360187,2,4.698970004336019,10,0.7181978220215482,7
4,4_T03 vs DMSO,T03 vs DMSO,EEF2K,uka_operator=csUKA;uka_type=Comparison;kinase_family=STK;uka_db_version=0.6;min_pep_set_size=3;rm_dual_spec_kinases=TRUE;min_seq_hom=0.9;min_PN_score=300;min_kl_score=1;nperms=500;max_rank=12;contr_reverse=TRUE;antibody_recognition=FALSE;rescue_unrecognized_peptides=FALSE;score_df=Score-based,O00418,29904,Atypical,Alpha,-0.21641229,2.6989700043360187,1.3767507096020994,4.075720713938118,1,-0.051376203,5
4,4_T03 vs DMSO,T03 vs DMSO,VRK1,uka_operator=csUKA;uka_type=Comparison;kinase_family=STK;uka_db_version=0.6;min_pep_set_size=3;rm_dual_spec_kinases=TRUE;min_seq_hom=0.9;min_PN_score=300;min_kl_score=1;nperms=500;max_rank=12;contr_reverse=TRUE;antibody_recognition=FALSE;rescue_unrecognized_peptides=FALSE;score_df=Score-based,Q99986,7443,CK1,VRK,-0.172423407,2.6989700043360187,0.835647144,3.5346171485515816,2,-0.032901707,14
0.5,0.5_T03 vs DMSO,T03 vs DMSO,MYLK4,uka_operator=csUKA;uka_type=Comparison;kinase_family=STK;uka_db_version=0.6;min_pep_set_size=3;rm_dual_spec_kinases=TRUE;min_seq_hom=0.9;min_PN_score=300;min_kl_score=1;nperms=500;max_rank=12;contr_reverse=TRUE;antibody_recognition=FALSE;rescue_unrecognized_peptides=FALSE;score_df=Score-based,Q86YV6,340156,CAMK,MLCK,0.4052099851005639,2.3979400086720375,0.8794260687941501,3.2773660774661875,5,0.39293605,14
0.5,0.5_T03 vs DMSO,T03 vs DMSO,RPS6KA5,uka_operator=csUKA;uka_type=Comparison;kinase_family=STK;uka_db_version=0.6;min_pep_set_size=3;rm_dual_spec_kinases=TRUE;min_seq_hom=0.9;min_PN_score=300;min_kl_score=1;nperms=500;max_rank=12;contr_reverse=TRUE;antibody_recognition=FALSE;rescue_unrecognized_peptides=FALSE;score_df=Score-based,O75582,9252,AGC-CAMK,RSK,0.37814028182405696,2.3979400086720375,0.7594507517174003,3.157390760389438,6,0.3736857499534898,60
2,2_T03 vs DMSO,T03 vs DMSO,MARK2,uka_operator=csUKA;uka_type=Comparison;kinase_family=STK;uka_db_version=0.6;min_pep_set_size=3;rm_dual_spec_kinases=TRUE;min_seq_hom=0.9;min_PN_score=300;min_kl_score=1;nperms=500;max_rank=12;contr_reverse=TRUE;antibody_recognition=FALSE;rescue_unrecognized_peptides=FALSE;score_df=Score-based,Q7KZI7,2011,CAMK,CAMKL,0.695393204,2.3979400086720375,2.3979400086720375,4.795880017344075,3,0.5483637704644972,9
2,2_T03 vs DMSO,T03 vs DMSO,SGK1,uka_operator=csUKA;uka_type=Comparison;kinase_family=STK;uka_db_version=0.6;min_pep_set_size=3;rm_dual_spec_kinases=TRUE;min_seq_hom=0.9;min_PN_score=300;min_kl_score=1;nperms=500;max_rank=12;contr_reverse=TRUE;antibody_recognition=FALSE;rescue_unrecognized_peptides=FALSE;score_df=Score-based,O00141,6446,AGC,SGK,0.4980420126464627,2.3979400086720375,1.6575773191777938,4.055517327849831,28,0.35972236872519947,37
2,2_T03 vs DMSO,T03 vs DMSO,STK32C,uka_operator=csUKA;uka_type=Comparison;kinase_family=STK;uka_db_version=0.6;min_pep_set_size=3;rm_dual_spec_kinases=TRUE;min_seq_hom=0.9;min_PN_score=300;min_kl_score=1;nperms=500;max_rank=12;contr_reverse=TRUE;antibody_recognition=FALSE;rescue_unrecognized_peptides=FALSE;score_df=Score-based,Q86UX6,282974,AGC,YANK,0.5802228196954565,2.3979400086720375,2.3979400086720375,4.795880017344075,4,0.45936045519919416,11
4,4_T03 vs DMSO,T03 vs DMSO,STK25,uka_operator=csUKA;uka_type=Comparison;kinase_family=STK;uka_db_version=0.6;min_pep_set_size=3;rm_dual_spec_kinases=TRUE;min_seq_hom=0.9;min_PN_score=300;min_kl_score=1;nperms=500;max_rank=12;contr_reverse=TRUE;antibody_recognition=FALSE;rescue_unrecognized_peptides=FALSE;score_df=Score-based,O00506,10494,STE,STE20,-0.212823054,2.3979400086720375,0.6989700043360187,3.0969100130080562,4,-0.060065139,6
4,4_T03 vs DMSO,T03 vs DMSO,TAOK2,uka_operator=csUKA;uka_type=Comparison;kinase_family=STK;uka_db_version=0.6;min_pep_set_size=3;rm_dual_spec_kinases=TRUE;min_seq_hom=0.9;min_PN_score=300;min_kl_score=1;nperms=500;max_rank=12;contr_reverse=TRUE;antibody_recognition=FALSE;rescue_unrecognized_peptides=FALSE;score_df=Score-based,Q9UL54,9344,STE,STE20,-0.147065422,2.3979400086720375,0.790484985,3.1884249941294067,3,-0.044222729,9
0.5,0.5_T03 vs DMSO,T03 vs DMSO,CAMK1D,uka_operator=csUKA;uka_type=Comparison;kinase_family=STK;uka_db_version=0.6;min_pep_set_size=3;rm_dual_spec_kinases=TRUE;min_seq_hom=0.9;min_PN_score=300;min_kl_score=1;nperms=500;max_rank=12;contr_reverse=TRUE;antibody_recognition=FALSE;rescue_unrecognized_peptides=FALSE;score_df=Score-based,Q8IU85,57118,CAMK,CAMK1,0.4777454262729957,2.221848749616356,0.9355420107730815,3.1573907603894376,7,0.4874214562400864,11
0.5,0.5_T03 vs DMSO,T03 vs DMSO,CHUK,uka_operator=csUKA;uka_type=Comparison;kinase_family=STK;uka_db_version=0.6;min_pep_set_size=3;rm_dual_spec_kinases=TRUE;min_seq_hom=0.9;min_PN_score=300;min_kl_score=1;nperms=500;max_rank=12;contr_reverse=TRUE;antibody_recognition=FALSE;rescue_unrecognized_peptides=FALSE;score_df=Score-based,O15111,1147,OTHER,IKK,0.2132956662652876,2.221848749616356,0.8996294548824371,3.121478204498793,8,0.19258921281634203,13
0.5,0.5_T03 vs DMSO,T03 vs DMSO,PRKX,uka_operator=csUKA;uka_type=Comparison;kinase_family=STK;uka_db_version=0.6;min_pep_set_size=3;rm_dual_spec_kinases=TRUE;min_seq_hom=0.9;min_PN_score=300;min_kl_score=1;nperms=500;max_rank=12;contr_reverse=TRUE;antibody_recognition=FALSE;rescue_unrecognized_peptides=FALSE;score_df=Score-based,P51817,5613,AGC,PKA,0.33414831614222273,2.221848749616356,0.790484985,3.0123337350737254,9,0.31337298384057205,57
2,2_T03 vs DMSO,T03 vs DMSO,AKT3,uka_operator=csUKA;uka_type=Comparison;kinase_family=STK;uka_db_version=0.6;min_pep_set_size=3;rm_dual_spec_kinases=TRUE;min_seq_hom=0.9;min_PN_score=300;min_kl_score=1;nperms=500;max_rank=12;contr_reverse=TRUE;antibody_recognition=FALSE;rescue_unrecognized_peptides=FALSE;score_df=Score-based,Q9Y243,10000,AGC,Akt,0.40085466827578803,2.221848749616356,2.221848749616356,4.443697499232712,17,0.2879857788735248,23
2,2_T03 vs DMSO,T03 vs DMSO,CDC42BPB,uka_operator=csUKA;uka_type=Comparison;kinase_family=STK;uka_db_version=0.6;min_pep_set_size=3;rm_dual_spec_kinases=TRUE;min_seq_hom=0.9;min_PN_score=300;min_kl_score=1;nperms=500;max_rank=12;contr_reverse=TRUE;antibody_recognition=FALSE;rescue_unrecognized_peptides=FALSE;score_df=Score-based,Q9Y5S2,9578,AGC,DMPK,0.758620191,2.221848749616356,2.3979400086720375,4.619788758288394,12,0.5066256231699731,11
2,2_T03 vs DMSO,T03 vs DMSO,PAK5,uka_operator=csUKA;uka_type=Comparison;kinase_family=STK;uka_db_version=0.6;min_pep_set_size=3;rm_dual_spec_kinases=TRUE;min_seq_hom=0.9;min_PN_score=300;min_kl_score=1;nperms=500;max_rank=12;contr_reverse=TRUE;antibody_recognition=FALSE;rescue_unrecognized_peptides=FALSE;score_df=Score-based,Q9P286,57144,STE,STE20,0.5888416368304911,2.221848749616356,1.9208187539523751,4.142667503568731,26,0.4472221435561356,15
2,2_T03 vs DMSO,T03 vs DMSO,SIK2,uka_operator=csUKA;uka_type=Comparison;kinase_family=STK;uka_db_version=0.6;min_pep_set_size=3;rm_dual_spec_kinases=TRUE;min_seq_hom=0.9;min_PN_score=300;min_kl_score=1;nperms=500;max_rank=12;contr_reverse=TRUE;antibody_recognition=FALSE;rescue_unrecognized_peptides=FALSE;score_df=Score-based,Q9H0K1,23235,CAMK,CAMKL,0.4899201238154456,2.221848749616356,2.3979400086720375,4.619788758288394,15,0.39806970085297244,13
2,2_T03 vs DMSO,T03 vs DMSO,SIK3,uka_operator=csUKA;uka_type=Comparison;kinase_family=STK;uka_db_version=0.6;min_pep_set_size=3;rm_dual_spec_kinases=TRUE;min_seq_hom=0.9;min_PN_score=300;min_kl_score=1;nperms=500;max_rank=12;contr_reverse=TRUE;antibody_recognition=FALSE;rescue_unrecognized_peptides=FALSE;score_df=Score-based,Q9Y2K2,23387,CAMK,CAMKL,0.730747314,2.221848749616356,2.3979400086720375,4.619788758288394,16,0.5555077737539422,8
4,4_T03 vs DMSO,T03 vs DMSO,STK10,uka_operator=csUKA;uka_type=Comparison;kinase_family=STK;uka_db_version=0.6;min_pep_set_size=3;rm_dual_spec_kinases=TRUE;min_seq_hom=0.9;min_PN_score=300;min_kl_score=1;nperms=500;max_rank=12;contr_reverse=TRUE;antibody_recognition=FALSE;rescue_unrecognized_peptides=FALSE;score_df=Score-based,O94804,6793,STE,STE20,-0.116073642,2.221848749616356,0.4509967379742122,2.6728454875905685,5,-0.03363363,18
2,2_T03 vs DMSO,T03 vs DMSO,MYLK4,uka_operator=csUKA;uka_type=Comparison;kinase_family=STK;uka_db_version=0.6;min_pep_set_size=3;rm_dual_spec_kinases=TRUE;min_seq_hom=0.9;min_PN_score=300;min_kl_score=1;nperms=500;max_rank=12;contr_reverse=TRUE;antibody_recognition=FALSE;rescue_unrecognized_peptides=FALSE;score_df=Score-based,Q86YV6,340156,CAMK,MLCK,0.5915107496220117,2.0969100130080562,1.6575773191777938,3.754487332,33,0.45567146950194815,14
0.5,0.5_T03 vs DMSO,T03 vs DMSO,DAPK1,uka_operator=csUKA;uka_type=Comparison;kinase_family=STK;uka_db_version=0.6;min_pep_set_size=3;rm_dual_spec_kinases=TRUE;min_seq_hom=0.9;min_PN_score=300;min_kl_score=1;nperms=500;max_rank=12;contr_reverse=TRUE;antibody_recognition=FALSE;rescue_unrecognized_peptides=FALSE;score_df=Score-based,P53355,1612,CAMK,DAPK,0.4103901398551108,1.9208187539523751,0.8297382846050426,2.750557038557418,11,0.375945641,16
0.5,0.5_T03 vs DMSO,T03 vs DMSO,PRKG2,uka_operator=csUKA;uka_type=Comparison;kinase_family=STK;uka_db_version=0.6;min_pep_set_size=3;rm_dual_spec_kinases=TRUE;min_seq_hom=0.9;min_PN_score=300;min_kl_score=1;nperms=500;max_rank=12;contr_reverse=TRUE;antibody_recognition=FALSE;rescue_unrecognized_peptides=FALSE;score_df=Score-based,Q13237,5593,AGC,PKG,0.34892142602501713,1.9208187539523751,0.7746907182741372,2.6955094722265125,12,0.3442168453875818,52
2,2_T03 vs DMSO,T03 vs DMSO,AKT1,uka_operator=csUKA;uka_type=Comparison;kinase_family=STK;uka_db_version=0.6;min_pep_set_size=3;rm_dual_spec_kinases=TRUE;min_seq_hom=0.9;min_PN_score=300;min_kl_score=1;nperms=500;max_rank=12;contr_reverse=TRUE;antibody_recognition=FALSE;rescue_unrecognized_peptides=FALSE;score_df=Score-based,P31749,207,AGC,Akt,0.43572429143994057,1.9208187539523751,1.494850021680094,3.415668775632469,37,0.31414805237613985,47
2,2_T03 vs DMSO,T03 vs DMSO,MKNK2,uka_operator=csUKA;uka_type=Comparison;kinase_family=STK;uka_db_version=0.6;min_pep_set_size=3;rm_dual_spec_kinases=TRUE;min_seq_hom=0.9;min_PN_score=300;min_kl_score=1;nperms=500;max_rank=12;contr_reverse=TRUE;antibody_recognition=FALSE;rescue_unrecognized_peptides=FALSE;score_df=Score-based,Q9HBH9,2872,CAMK,MAPKAPK,0.5532267329332734,1.9208187539523751,1.9208187539523751,3.8416375079047502,31,0.42714985090820384,17
4,4_T03 vs DMSO,T03 vs DMSO,MAP4K3,uka_operator=csUKA;uka_type=Comparison;kinase_family=STK;uka_db_version=0.6;min_pep_set_size=3;rm_dual_spec_kinases=TRUE;min_seq_hom=0.9;min_PN_score=300;min_kl_score=1;nperms=500;max_rank=12;contr_reverse=TRUE;antibody_recognition=FALSE;rescue_unrecognized_peptides=FALSE;score_df=Score-based,Q8IVH8,8491,STE,STE20,-0.226954193,1.9208187539523751,0.6090648928966209,2.529883646848996,8,-0.065850259,7
4,4_T03 vs DMSO,T03 vs DMSO,TEX14,uka_operator=csUKA;uka_type=Comparison;kinase_family=STK;uka_db_version=0.6;min_pep_set_size=3;rm_dual_spec_kinases=TRUE;min_seq_hom=0.9;min_PN_score=300;min_kl_score=1;nperms=500;max_rank=12;contr_reverse=TRUE;antibody_recognition=FALSE;rescue_unrecognized_peptides=FALSE;score_df=Score-based,Q8IWB6,56155,OTHER,NKF5,-0.149995226,1.9208187539523751,0.7304870557820837,2.651305809734459,6,-0.021451043,9
2,2_T03 vs DMSO,T03 vs DMSO,SGK3,uka_operator=csUKA;uka_type=Comparison;kinase_family=STK;uka_db_version=0.6;min_pep_set_size=3;rm_dual_spec_kinases=TRUE;min_seq_hom=0.9;min_PN_score=300;min_kl_score=1;nperms=500;max_rank=12;contr_reverse=TRUE;antibody_recognition=FALSE;rescue_unrecognized_peptides=FALSE;score_df=Score-based,Q96BR1,23678,AGC,SGK,0.4773275830670015,1.853871964321762,1.6197887582883939,3.473660722610156,35,0.3509898095704169,27
2,2_T03 vs DMSO,T03 vs DMSO,TSSK6,uka_operator=csUKA;uka_type=Comparison;kinase_family=STK;uka_db_version=0.6;min_pep_set_size=3;rm_dual_spec_kinases=TRUE;min_seq_hom=0.9;min_PN_score=300;min_kl_score=1;nperms=500;max_rank=12;contr_reverse=TRUE;antibody_recognition=FALSE;rescue_unrecognized_peptides=FALSE;score_df=Score-based,Q9BXA6,83983,CAMK,TSSK,0.687234432,1.853871964321762,1.9208187539523751,3.774690718274137,32,0.4669312843195211,9
4,4_T03 vs DMSO,T03 vs DMSO,TAOK1,uka_operator=csUKA;uka_type=Comparison;kinase_family=STK;uka_db_version=0.6;min_pep_set_size=3;rm_dual_spec_kinases=TRUE;min_seq_hom=0.9;min_PN_score=300;min_kl_score=1;nperms=500;max_rank=12;contr_reverse=TRUE;antibody_recognition=FALSE;rescue_unrecognized_peptides=FALSE;score_df=Score-based,Q7L7X3,57551,STE,STE20,-0.176171227,1.853871964321762,0.6345120151091003,2.4883839794308624,9,-0.048068061,7
0.5,0.5_T03 vs DMSO,T03 vs DMSO,AKT1,uka_operator=csUKA;uka_type=Comparison;kinase_family=STK;uka_db_version=0.6;min_pep_set_size=3;rm_dual_spec_kinases=TRUE;min_seq_hom=0.9;min_PN_score=300;min_kl_score=1;nperms=500;max_rank=12;contr_reverse=TRUE;antibody_recognition=FALSE;rescue_unrecognized_peptides=FALSE;score_df=Score-based,P31749,207,AGC,Akt,0.32820667762313643,1.7958800173440752,0.790484985,2.586365002801444,13,0.2904345117050079,47
0.5,0.5_T03 vs DMSO,T03 vs DMSO,RIPK3,uka_operator=csUKA;uka_type=Comparison;kinase_family=STK;uka_db_version=0.6;min_pep_set_size=3;rm_dual_spec_kinases=TRUE;min_seq_hom=0.9;min_PN_score=300;min_kl_score=1;nperms=500;max_rank=12;contr_reverse=TRUE;antibody_recognition=FALSE;rescue_unrecognized_peptides=FALSE;score_df=Score-based,Q9Y572,11035,TKL,RIPK,0.3661651474336351,1.744727494896694,1.0457574905606752,2.7904849854573692,10,0.24424178472371477,5
0.5,0.5_T03 vs DMSO,T03 vs DMSO,SGK3,uka_operator=csUKA;uka_type=Comparison;kinase_family=STK;uka_db_version=0.6;min_pep_set_size=3;rm_dual_spec_kinases=TRUE;min_seq_hom=0.9;min_PN_score=300;min_kl_score=1;nperms=500;max_rank=12;contr_reverse=TRUE;antibody_recognition=FALSE;rescue_unrecognized_peptides=FALSE;score_df=Score-based,Q96BR1,23678,AGC,SGK,0.3292653781918385,1.744727494896694,0.8416375079047503,2.586365002801444,14,0.29366376576342795,27
2,2_T03 vs DMSO,T03 vs DMSO,SNRK,uka_operator=csUKA;uka_type=Comparison;kinase_family=STK;uka_db_version=0.6;min_pep_set_size=3;rm_dual_spec_kinases=TRUE;min_seq_hom=0.9;min_PN_score=300;min_kl_score=1;nperms=500;max_rank=12;contr_reverse=TRUE;antibody_recognition=FALSE;rescue_unrecognized_peptides=FALSE;score_df=Score-based,Q9NRH2,54861,CAMK,CAMKL,0.3798773670775202,1.744727494896694,2.3979400086720375,4.142667503568731,27,0.25860213986890396,12
4,4_T03 vs DMSO,T03 vs DMSO,STK24,uka_operator=csUKA;uka_type=Comparison;kinase_family=STK;uka_db_version=0.6;min_pep_set_size=3;rm_dual_spec_kinases=TRUE;min_seq_hom=0.9;min_PN_score=300;min_kl_score=1;nperms=500;max_rank=12;contr_reverse=TRUE;antibody_recognition=FALSE;rescue_unrecognized_peptides=FALSE;score_df=Score-based,Q9Y6E0,8428,STE,STE20,-0.174183366,1.744727494896694,0.623423043,2.368150537840182,10,-0.044372457,9
0.5,0.5_T03 vs DMSO,T03 vs DMSO,PASK,uka_operator=csUKA;uka_type=Comparison;kinase_family=STK;uka_db_version=0.6;min_pep_set_size=3;rm_dual_spec_kinases=TRUE;min_seq_hom=0.9;min_PN_score=300;min_kl_score=1;nperms=500;max_rank=12;contr_reverse=TRUE;antibody_recognition=FALSE;rescue_unrecognized_peptides=FALSE;score_df=Score-based,Q96RG2,23178,CAMK,CAMKL,0.3919469408515283,1.6989700043360187,0.8297382846050426,2.5287082889410613,17,0.32557194400245937,12
2,2_T03 vs DMSO,T03 vs DMSO,CAMK1,uka_operator=csUKA;uka_type=Comparison;kinase_family=STK;uka_db_version=0.6;min_pep_set_size=3;rm_dual_spec_kinases=TRUE;min_seq_hom=0.9;min_PN_score=300;min_kl_score=1;nperms=500;max_rank=12;contr_reverse=TRUE;antibody_recognition=FALSE;rescue_unrecognized_peptides=FALSE;score_df=Score-based,Q14012,8536,CAMK,CAMK1,0.647495603,1.6989700043360187,1.744727494896694,3.4436974992327127,36,0.5115973318298833,12
0.5,0.5_T03 vs DMSO,T03 vs DMSO,MYLK3,uka_operator=csUKA;uka_type=Comparison;kinase_family=STK;uka_db_version=0.6;min_pep_set_size=3;rm_dual_spec_kinases=TRUE;min_seq_hom=0.9;min_PN_score=300;min_kl_score=1;nperms=500;max_rank=12;contr_reverse=TRUE;antibody_recognition=FALSE;rescue_unrecognized_peptides=FALSE;score_df=Score-based,Q32MK0,91807,CAMK,MLCK,0.3193706920834625,1.6575773191777938,0.8927900303521317,2.5503673495299255,15,0.2707139803265977,18
2,2_T03 vs DMSO,T03 vs DMSO,AURKC,uka_operator=csUKA;uka_type=Comparison;kinase_family=STK;uka_db_version=0.6;min_pep_set_size=3;rm_dual_spec_kinases=TRUE;min_seq_hom=0.9;min_PN_score=300;min_kl_score=1;nperms=500;max_rank=12;contr_reverse=TRUE;antibody_recognition=FALSE;rescue_unrecognized_peptides=FALSE;score_df=Score-based,Q9UQB9,6795,CAMK,Aur,0.601284064,1.6575773191777938,1.744727494896694,3.402304814074488,38,0.4114221020075205,10
4,4_T03 vs DMSO,T03 vs DMSO,MAP3K15,uka_operator=csUKA;uka_type=Comparison;kinase_family=STK;uka_db_version=0.6;min_pep_set_size=3;rm_dual_spec_kinases=TRUE;min_seq_hom=0.9;min_PN_score=300;min_kl_score=1;nperms=500;max_rank=12;contr_reverse=TRUE;antibody_recognition=FALSE;rescue_unrecognized_peptides=FALSE;score_df=Score-based,Q6ZN16,389840,STE,STE11,-0.093482603,1.6575773191777938,0.4412914294668343,2.098868748644628,14,-0.030875793,13
0.5,0.5_T03 vs DMSO,T03 vs DMSO,PIM1,uka_operator=csUKA;uka_type=Comparison;kinase_family=STK;uka_db_version=0.6;min_pep_set_size=3;rm_dual_spec_kinases=TRUE;min_seq_hom=0.9;min_PN_score=300;min_kl_score=1;nperms=500;max_rank=12;contr_reverse=TRUE;antibody_recognition=FALSE;rescue_unrecognized_peptides=FALSE;score_df=Score-based,P11309,5292,CAMK,PIM,0.3405859337019602,1.585026652029182,0.6989700043360187,2.2839966563652006,22,0.2880715536990288,77
0.5,0.5_T03 vs DMSO,T03 vs DMSO,STK38L,uka_operator=csUKA;uka_type=Comparison;kinase_family=STK;uka_db_version=0.6;min_pep_set_size=3;rm_dual_spec_kinases=TRUE;min_seq_hom=0.9;min_PN_score=300;min_kl_score=1;nperms=500;max_rank=12;contr_reverse=TRUE;antibody_recognition=FALSE;rescue_unrecognized_peptides=FALSE;score_df=Score-based,Q9Y2H1,23012,AGC,NDR,0.29201669067398733,1.585026652029182,0.958607315,2.543633966870957,16,0.2581880772821939,12
4,4_T03 vs DMSO,T03 vs DMSO,HASPIN,uka_operator=csUKA;uka_type=Comparison;kinase_family=STK;uka_db_version=0.6;min_pep_set_size=3;rm_dual_spec_kinases=TRUE;min_seq_hom=0.9;min_PN_score=300;min_kl_score=1;nperms=500;max_rank=12;contr_reverse=TRUE;antibody_recognition=FALSE;rescue_unrecognized_peptides=FALSE;score_df=Score-based,Q8TF76,83903,OTHER,Haspin,-0.095894103,1.585026652029182,0.30277065724028246,1.8877973092694644,19,-0.026865145,20
4,4_T03 vs DMSO,T03 vs DMSO,MAP4K1,uka_operator=csUKA;uka_type=Comparison;kinase_family=STK;uka_db_version=0.6;min_pep_set_size=3;rm_dual_spec_kinases=TRUE;min_seq_hom=0.9;min_PN_score=300;min_kl_score=1;nperms=500;max_rank=12;contr_reverse=TRUE;antibody_recognition=FALSE;rescue_unrecognized_peptides=FALSE;score_df=Score-based,Q92918,11184,STE,STE20,-0.165146583,1.5528419686577808,0.4412914294668343,1.9941333981246152,16,-0.049024778,7
4,4_T03 vs DMSO,T03 vs DMSO,SLK,uka_operator=csUKA;uka_type=Comparison;kinase_family=STK;uka_db_version=0.6;min_pep_set_size=3;rm_dual_spec_kinases=TRUE;min_seq_hom=0.9;min_PN_score=300;min_kl_score=1;nperms=500;max_rank=12;contr_reverse=TRUE;antibody_recognition=FALSE;rescue_unrecognized_peptides=FALSE;score_df=Score-based,Q9H2G2,9748,STE,STE20,-0.174460466,1.5528419686577808,0.6055483191737837,2.1583902878315646,13,-0.051678577,8
4,4_T03 vs DMSO,T03 vs DMSO,CDK15,uka_operator=csUKA;uka_type=Comparison;kinase_family=STK;uka_db_version=0.6;min_pep_set_size=3;rm_dual_spec_kinases=TRUE;min_seq_hom=0.9;min_PN_score=300;min_kl_score=1;nperms=500;max_rank=12;contr_reverse=TRUE;antibody_recognition=FALSE;rescue_unrecognized_peptides=FALSE;score_df=Score-based,Q96Q40,65061,CMGC,CDK,-0.128223599,1.5228787452803376,0.48945498979338786,2.0123337350737254,15,-0.039380725,11
0.5,0.5_T03 vs DMSO,T03 vs DMSO,RPS6KB2,uka_operator=csUKA;uka_type=Comparison;kinase_family=STK;uka_db_version=0.6;min_pep_set_size=3;rm_dual_spec_kinases=TRUE;min_seq_hom=0.9;min_PN_score=300;min_kl_score=1;nperms=500;max_rank=12;contr_reverse=TRUE;antibody_recognition=FALSE;rescue_unrecognized_peptides=FALSE;score_df=Score-based,Q9UBS0,6199,AGC,RSK,0.32635665357142857,1.494850021680094,0.769551079,2.2644011,23,0.30419119839768993,58
2,2_T03 vs DMSO,T03 vs DMSO,TSSK2,uka_operator=csUKA;uka_type=Comparison;kinase_family=STK;uka_db_version=0.6;min_pep_set_size=3;rm_dual_spec_kinases=TRUE;min_seq_hom=0.9;min_PN_score=300;min_kl_score=1;nperms=500;max_rank=12;contr_reverse=TRUE;antibody_recognition=FALSE;rescue_unrecognized_peptides=FALSE;score_df=Score-based,Q96PF2,23617,CAMK,TSSK,0.5171296163600018,1.494850021680094,1.744727494896694,3.239577516576788,39,0.41565955901591295,11
4,4_T03 vs DMSO,T03 vs DMSO,PRKACG,uka_operator=csUKA;uka_type=Comparison;kinase_family=STK;uka_db_version=0.6;min_pep_set_size=3;rm_dual_spec_kinases=TRUE;min_seq_hom=0.9;min_PN_score=300;min_kl_score=1;nperms=500;max_rank=12;contr_reverse=TRUE;antibody_recognition=FALSE;rescue_unrecognized_peptides=FALSE;score_df=Score-based,P22612,5568,AGC,PKA,-0.184878684,1.494850021680094,0.4294570601181025,1.9243070817981964,18,-0.039029321,8
0.5,0.5_T03 vs DMSO,T03 vs DMSO,CAMK4,uka_operator=csUKA;uka_type=Comparison;kinase_family=STK;uka_db_version=0.6;min_pep_set_size=3;rm_dual_spec_kinases=TRUE;min_seq_hom=0.9;min_PN_score=300;min_kl_score=1;nperms=500;max_rank=12;contr_reverse=TRUE;antibody_recognition=FALSE;rescue_unrecognized_peptides=FALSE;score_df=Score-based,Q16566,814,CAMK,CAMK1,0.31136710359639325,1.4685210829577449,0.8297382846050426,2.2982593675627876,20,0.3013108412831484,24
0.5,0.5_T03 vs DMSO,T03 vs DMSO,DMPK,uka_operator=csUKA;uka_type=Comparison;kinase_family=STK;uka_db_version=0.6;min_pep_set_size=3;rm_dual_spec_kinases=TRUE;min_seq_hom=0.9;min_PN_score=300;min_kl_score=1;nperms=500;max_rank=12;contr_reverse=TRUE;antibody_recognition=FALSE;rescue_unrecognized_peptides=FALSE;score_df=Score-based,Q09013,1760,AGC,DMPK,0.3308894523058551,1.4685210829577449,0.8239087409443188,2.2924298239020637,21,0.25606679918303643,20
0.5,0.5_T03 vs DMSO,T03 vs DMSO,PNCK,uka_operator=csUKA;uka_type=Comparison;kinase_family=STK;uka_db_version=0.6;min_pep_set_size=3;rm_dual_spec_kinases=TRUE;min_seq_hom=0.9;min_PN_score=300;min_kl_score=1;nperms=500;max_rank=12;contr_reverse=TRUE;antibody_recognition=FALSE;rescue_unrecognized_peptides=FALSE;score_df=Score-based,Q6P2M8,139728,CAMK,CAMK1,0.32745519561504477,1.4685210829577449,0.8794260687941501,2.347947151751895,19,0.3550638665550227,11
2,2_T03 vs DMSO,T03 vs DMSO,CAMK1G,uka_operator=csUKA;uka_type=Comparison;kinase_family=STK;uka_db_version=0.6;min_pep_set_size=3;rm_dual_spec_kinases=TRUE;min_seq_hom=0.9;min_PN_score=300;min_kl_score=1;nperms=500;max_rank=12;contr_reverse=TRUE;antibody_recognition=FALSE;rescue_unrecognized_peptides=FALSE;score_df=Score-based,Q96NX5,57172,CAMK,CAMK1,0.5379145240182495,1.4685210829577449,1.6197887582883939,3.0883098412461387,41,0.3715162556265782,8
2,2_T03 vs DMSO,T03 vs DMSO,PIM1,uka_operator=csUKA;uka_type=Comparison;kinase_family=STK;uka_db_version=0.6;min_pep_set_size=3;rm_dual_spec_kinases=TRUE;min_seq_hom=0.9;min_PN_score=300;min_kl_score=1;nperms=500;max_rank=12;contr_reverse=TRUE;antibody_recognition=FALSE;rescue_unrecognized_peptides=FALSE;score_df=Score-based,P11309,5292,CAMK,PIM,0.4037310492893819,1.4685210829577449,1.337242168318426,2.8057632512761708,49,0.31485729969303583,77
0.5,0.5_T03 vs DMSO,T03 vs DMSO,CSNK2A1,uka_operator=csUKA;uka_type=Comparison;kinase_family=STK;uka_db_version=0.6;min_pep_set_size=3;rm_dual_spec_kinases=TRUE;min_seq_hom=0.9;min_PN_score=300;min_kl_score=1;nperms=500;max_rank=12;contr_reverse=TRUE;antibody_recognition=FALSE;rescue_unrecognized_peptides=FALSE;score_df=Score-based,P68400,1457,CMGC,CK2,0.45153111295706966,1.4436974992327127,1.0087739243075051,2.452471423540218,18,0.3884348082599613,3
2,2_T03 vs DMSO,T03 vs DMSO,MARK1,uka_operator=csUKA;uka_type=Comparison;kinase_family=STK;uka_db_version=0.6;min_pep_set_size=3;rm_dual_spec_kinases=TRUE;min_seq_hom=0.9;min_PN_score=300;min_kl_score=1;nperms=500;max_rank=12;contr_reverse=TRUE;antibody_recognition=FALSE;rescue_unrecognized_peptides=FALSE;score_df=Score-based,Q9P0L2,4139,CAMK,CAMKL,0.6472192002428699,1.4436974992327127,2.221848749616356,3.665546248849069,34,0.41873963300223077,6
4,4_T03 vs DMSO,T03 vs DMSO,CLK1,uka_operator=csUKA;uka_type=Comparison;kinase_family=STK;uka_db_version=0.6;min_pep_set_size=3;rm_dual_spec_kinases=TRUE;min_seq_hom=0.9;min_PN_score=300;min_kl_score=1;nperms=500;max_rank=12;contr_reverse=TRUE;antibody_recognition=FALSE;rescue_unrecognized_peptides=FALSE;score_df=Score-based,P49759,1195,CMGC,CLK,-0.24198324,1.4436974992327127,0.7851561519523022,2.2288536511850148,11,-0.077502408,4
2,2_T03 vs DMSO,T03 vs DMSO,MYLK,uka_operator=csUKA;uka_type=Comparison;kinase_family=STK;uka_db_version=0.6;min_pep_set_size=3;rm_dual_spec_kinases=TRUE;min_seq_hom=0.9;min_PN_score=300;min_kl_score=1;nperms=500;max_rank=12;contr_reverse=TRUE;antibody_recognition=FALSE;rescue_unrecognized_peptides=FALSE;score_df=Score-based,Q15746,4638,CAMK,MLCK,0.4541990348355746,1.4202164033831899,1.585026652029182,3.0052430554123717,43,0.36115286731988594,17
2,2_T03 vs DMSO,T03 vs DMSO,RPS6KA3,uka_operator=csUKA;uka_type=Comparison;kinase_family=STK;uka_db_version=0.6;min_pep_set_size=3;rm_dual_spec_kinases=TRUE;min_seq_hom=0.9;min_PN_score=300;min_kl_score=1;nperms=500;max_rank=12;contr_reverse=TRUE;antibody_recognition=FALSE;rescue_unrecognized_peptides=FALSE;score_df=Score-based,P51812,6197,AGC-CAMK,RSK,0.44199640330062917,1.4202164033831899,1.5228787452803376,2.9430951486635273,44,0.3250241232748023,45
4,4_T03 vs DMSO,T03 vs DMSO,MAP3K3,uka_operator=csUKA;uka_type=Comparison;kinase_family=STK;uka_db_version=0.6;min_pep_set_size=3;rm_dual_spec_kinases=TRUE;min_seq_hom=0.9;min_PN_score=300;min_kl_score=1;nperms=500;max_rank=12;contr_reverse=TRUE;antibody_recognition=FALSE;rescue_unrecognized_peptides=FALSE;score_df=Score-based,Q99759,4215,STE,STE11,-0.138684976,1.4202164033831899,0.562249437,1.982465840562802,17,-0.034799618,5
2,2_T03 vs DMSO,T03 vs DMSO,CDC42BPA,uka_operator=csUKA;uka_type=Comparison;kinase_family=STK;uka_db_version=0.6;min_pep_set_size=3;rm_dual_spec_kinases=TRUE;min_seq_hom=0.9;min_PN_score=300;min_kl_score=1;nperms=500;max_rank=12;contr_reverse=TRUE;antibody_recognition=FALSE;rescue_unrecognized_peptides=FALSE;score_df=Score-based,Q5VT25,8476,AGC,DMPK,0.545785755,1.3979400086720375,1.6989700043360187,3.0969100130080562,40,0.3610982817127889,11
0.5,0.5_T03 vs DMSO,T03 vs DMSO,CDC42BPB,uka_operator=csUKA;uka_type=Comparison;kinase_family=STK;uka_db_version=0.6;min_pep_set_size=3;rm_dual_spec_kinases=TRUE;min_seq_hom=0.9;min_PN_score=300;min_kl_score=1;nperms=500;max_rank=12;contr_reverse=TRUE;antibody_recognition=FALSE;rescue_unrecognized_peptides=FALSE;score_df=Score-based,Q9Y5S2,9578,AGC,DMPK,0.44083252458858946,1.3767507096020994,0.790484985,2.1672356950594684,24,0.42788429056383737,11
0.5,0.5_T03 vs DMSO,T03 vs DMSO,SGK1,uka_operator=csUKA;uka_type=Comparison;kinase_family=STK;uka_db_version=0.6;min_pep_set_size=3;rm_dual_spec_kinases=TRUE;min_seq_hom=0.9;min_PN_score=300;min_kl_score=1;nperms=500;max_rank=12;contr_reverse=TRUE;antibody_recognition=FALSE;rescue_unrecognized_peptides=FALSE;score_df=Score-based,O00141,6446,AGC,SGK,0.32301423095354526,1.3767507096020994,0.769551079,2.1463017882238256,25,0.30015322919404097,37
4,4_T03 vs DMSO,T03 vs DMSO,PDPK1,uka_operator=csUKA;uka_type=Comparison;kinase_family=STK;uka_db_version=0.6;min_pep_set_size=3;rm_dual_spec_kinases=TRUE;min_seq_hom=0.9;min_PN_score=300;min_kl_score=1;nperms=500;max_rank=12;contr_reverse=TRUE;antibody_recognition=FALSE;rescue_unrecognized_peptides=FALSE;score_df=Score-based,O15530,5170,AGC,PDK1,-0.099810161,1.3767507096020994,0.2740883677049518,1.6508390773070514,26,-0.027333016,21
4,4_T03 vs DMSO,T03 vs DMSO,STK17A,uka_operator=csUKA;uka_type=Comparison;kinase_family=STK;uka_db_version=0.6;min_pep_set_size=3;rm_dual_spec_kinases=TRUE;min_seq_hom=0.9;min_PN_score=300;min_kl_score=1;nperms=500;max_rank=12;contr_reverse=TRUE;antibody_recognition=FALSE;rescue_unrecognized_peptides=FALSE;score_df=Score-based,Q9UEE5,9263,CAMK,DAPK,-0.129688902,1.3767507096020994,0.37468754903832613,1.7514382586404256,23,-0.046955217,9
2,2_T03 vs DMSO,T03 vs DMSO,DAPK3,uka_operator=csUKA;uka_type=Comparison;kinase_family=STK;uka_db_version=0.6;min_pep_set_size=3;rm_dual_spec_kinases=TRUE;min_seq_hom=0.9;min_PN_score=300;min_kl_score=1;nperms=500;max_rank=12;contr_reverse=TRUE;antibody_recognition=FALSE;rescue_unrecognized_peptides=FALSE;score_df=Score-based,O43293,1613,CAMK,DAPK,0.4945291688111737,1.337242168318426,1.5528419686577808,2.8900841369762067,46,0.37159616851169036,21
4,4_T03 vs DMSO,T03 vs DMSO,SRPK2,uka_operator=csUKA;uka_type=Comparison;kinase_family=STK;uka_db_version=0.6;min_pep_set_size=3;rm_dual_spec_kinases=TRUE;min_seq_hom=0.9;min_PN_score=300;min_kl_score=1;nperms=500;max_rank=12;contr_reverse=TRUE;antibody_recognition=FALSE;rescue_unrecognized_peptides=FALSE;score_df=Score-based,P78362,6733,CMGC,SRPK,-0.292768078,1.3187587626244128,0.8538719643217619,2.1726307269461747,12,-0.088805746,3
4,4_T03 vs DMSO,T03 vs DMSO,MAP4K2,uka_operator=csUKA;uka_type=Comparison;kinase_family=STK;uka_db_version=0.6;min_pep_set_size=3;rm_dual_spec_kinases=TRUE;min_seq_hom=0.9;min_PN_score=300;min_kl_score=1;nperms=500;max_rank=12;contr_reverse=TRUE;antibody_recognition=FALSE;rescue_unrecognized_peptides=FALSE;score_df=Score-based,Q12851,5871,STE,STE20,-0.164010426,1.3010299956639813,1.2518119729937995,2.5528419686577806,7,-0.03510299,4
2,2_T03 vs DMSO,T03 vs DMSO,MYLK3,uka_operator=csUKA;uka_type=Comparison;kinase_family=STK;uka_db_version=0.6;min_pep_set_size=3;rm_dual_spec_kinases=TRUE;min_seq_hom=0.9;min_PN_score=300;min_kl_score=1;nperms=500;max_rank=12;contr_reverse=TRUE;antibody_recognition=FALSE;rescue_unrecognized_peptides=FALSE;score_df=Score-based,Q32MK0,91807,CAMK,MLCK,0.42296839434756955,1.2676062401770316,1.6197887582883939,2.8873949984654255,47,0.3139381061581587,18
2,2_T03 vs DMSO,T03 vs DMSO,TSSK3,uka_operator=csUKA;uka_type=Comparison;kinase_family=STK;uka_db_version=0.6;min_pep_set_size=3;rm_dual_spec_kinases=TRUE;min_seq_hom=0.9;min_PN_score=300;min_kl_score=1;nperms=500;max_rank=12;contr_reverse=TRUE;antibody_recognition=FALSE;rescue_unrecognized_peptides=FALSE;score_df=Score-based,Q96PN8,81629,CAMK,TSSK,0.7000649183377152,1.2518119729937995,1.585026652029182,2.8368386250229816,48,0.5135357002317236,9
4,4_T03 vs DMSO,T03 vs DMSO,DAPK2,uka_operator=csUKA;uka_type=Comparison;kinase_family=STK;uka_db_version=0.6;min_pep_set_size=3;rm_dual_spec_kinases=TRUE;min_seq_hom=0.9;min_PN_score=300;min_kl_score=1;nperms=500;max_rank=12;contr_reverse=TRUE;antibody_recognition=FALSE;rescue_unrecognized_peptides=FALSE;score_df=Score-based,Q9UIK4,23604,CAMK,DAPK,-0.118945436,1.2518119729937995,0.30627305107635305,1.5580850240701527,30,-0.026562819,18
4,4_T03 vs DMSO,T03 vs DMSO,MYO3B,uka_operator=csUKA;uka_type=Comparison;kinase_family=STK;uka_db_version=0.6;min_pep_set_size=3;rm_dual_spec_kinases=TRUE;min_seq_hom=0.9;min_PN_score=300;min_kl_score=1;nperms=500;max_rank=12;contr_reverse=TRUE;antibody_recognition=FALSE;rescue_unrecognized_peptides=FALSE;score_df=Score-based,Q8WXR4,140469,STE,STE20,-0.120359997,1.2518119729937995,0.37675070960209955,1.628562682595899,28,-0.033965705,6
4,4_T03 vs DMSO,T03 vs DMSO,PRKCI,uka_operator=csUKA;uka_type=Comparison;kinase_family=STK;uka_db_version=0.6;min_pep_set_size=3;rm_dual_spec_kinases=TRUE;min_seq_hom=0.9;min_PN_score=300;min_kl_score=1;nperms=500;max_rank=12;contr_reverse=TRUE;antibody_recognition=FALSE;rescue_unrecognized_peptides=FALSE;score_df=Score-based,P41743,5584,AGC,PKC,-0.114541446,1.2518119729937995,0.23807216157947098,1.4898841345732705,34,-0.026283956,29
0.5,0.5_T03 vs DMSO,T03 vs DMSO,CIT,uka_operator=csUKA;uka_type=Comparison;kinase_family=STK;uka_db_version=0.6;min_pep_set_size=3;rm_dual_spec_kinases=TRUE;min_seq_hom=0.9;min_PN_score=300;min_kl_score=1;nperms=500;max_rank=12;contr_reverse=TRUE;antibody_recognition=FALSE;rescue_unrecognized_peptides=FALSE;score_df=Score-based,O14578,11113,AGC,DMPK,0.34826749846023397,1.2218487496163564,0.8477116556169435,2.069560405,28,0.2395061218120254,16
0.5,0.5_T03 vs DMSO,T03 vs DMSO,MARK4,uka_operator=csUKA;uka_type=Comparison;kinase_family=STK;uka_db_version=0.6;min_pep_set_size=3;rm_dual_spec_kinases=TRUE;min_seq_hom=0.9;min_PN_score=300;min_kl_score=1;nperms=500;max_rank=12;contr_reverse=TRUE;antibody_recognition=FALSE;rescue_unrecognized_peptides=FALSE;score_df=Score-based,Q96L34,57787,CAMK,CAMKL,0.4500167051059149,1.2218487496163564,0.8601209135987634,2.0819696632151197,27,0.5529545445568593,3
2,2_T03 vs DMSO,T03 vs DMSO,PASK,uka_operator=csUKA;uka_type=Comparison;kinase_family=STK;uka_db_version=0.6;min_pep_set_size=3;rm_dual_spec_kinases=TRUE;min_seq_hom=0.9;min_PN_score=300;min_kl_score=1;nperms=500;max_rank=12;contr_reverse=TRUE;antibody_recognition=FALSE;rescue_unrecognized_peptides=FALSE;score_df=Score-based,Q96RG2,23178,CAMK,CAMKL,0.5093533502723825,1.207608310501746,1.6989700043360187,2.906578314837765,45,0.33507209498345913,12
0.5,0.5_T03 vs DMSO,T03 vs DMSO,HUNK,uka_operator=csUKA;uka_type=Comparison;kinase_family=STK;uka_db_version=0.6;min_pep_set_size=3;rm_dual_spec_kinases=TRUE;min_seq_hom=0.9;min_PN_score=300;min_kl_score=1;nperms=500;max_rank=12;contr_reverse=TRUE;antibody_recognition=FALSE;rescue_unrecognized_peptides=FALSE;score_df=Score-based,P57058,30811,CAMK,CAMKL,0.1927844662867175,1.193820026016113,0.8996294548824371,2.093449481,26,0.16400662368914387,8
2,2_T03 vs DMSO,T03 vs DMSO,CAMK2G,uka_operator=csUKA;uka_type=Comparison;kinase_family=STK;uka_db_version=0.6;min_pep_set_size=3;rm_dual_spec_kinases=TRUE;min_seq_hom=0.9;min_PN_score=300;min_kl_score=1;nperms=500;max_rank=12;contr_reverse=TRUE;antibody_recognition=FALSE;rescue_unrecognized_peptides=FALSE;score_df=Score-based,Q13555,818,CAMK,CAMK2,0.3430418561270188,1.1804560644581312,1.6197887582883939,2.8002448227465253,50,0.27202976031118586,12
4,4_T03 vs DMSO,T03 vs DMSO,STK26,uka_operator=csUKA;uka_type=Comparison;kinase_family=STK;uka_db_version=0.6;min_pep_set_size=3;rm_dual_spec_kinases=TRUE;min_seq_hom=0.9;min_PN_score=300;min_kl_score=1;nperms=500;max_rank=12;contr_reverse=TRUE;antibody_recognition=FALSE;rescue_unrecognized_peptides=FALSE;score_df=Score-based,Q9P289,51765,STE,STE20,-0.147243767,1.1804560644581312,0.32605800136591223,1.5065140658240435,33,-0.032877181,10
0.5,0.5_T03 vs DMSO,T03 vs DMSO,MYLK,uka_operator=csUKA;uka_type=Comparison;kinase_family=STK;uka_db_version=0.6;min_pep_set_size=3;rm_dual_spec_kinases=TRUE;min_seq_hom=0.9;min_PN_score=300;min_kl_score=1;nperms=500;max_rank=12;contr_reverse=TRUE;antibody_recognition=FALSE;rescue_unrecognized_peptides=FALSE;score_df=Score-based,Q15746,4638,CAMK,MLCK,0.3228552327225281,1.1674910872937636,0.8068754016455384,1.974366488939302,29,0.3084301512667182,17
0.5,0.5_T03 vs DMSO,T03 vs DMSO,PRKACA,uka_operator=csUKA;uka_type=Comparison;kinase_family=STK;uka_db_version=0.6;min_pep_set_size=3;rm_dual_spec_kinases=TRUE;min_seq_hom=0.9;min_PN_score=300;min_kl_score=1;nperms=500;max_rank=12;contr_reverse=TRUE;antibody_recognition=FALSE;rescue_unrecognized_peptides=FALSE;score_df=Score-based,P17612,5566,AGC,PKA,0.3740296814001655,1.1674910872937636,0.744727495,1.9122185821904576,34,0.3553921419133303,74
0.5,0.5_T03 vs DMSO,T03 vs DMSO,TSSK1B,uka_operator=csUKA;uka_type=Comparison;kinase_family=STK;uka_db_version=0.6;min_pep_set_size=3;rm_dual_spec_kinases=TRUE;min_seq_hom=0.9;min_PN_score=300;min_kl_score=1;nperms=500;max_rank=12;contr_reverse=TRUE;antibody_recognition=FALSE;rescue_unrecognized_peptides=FALSE;score_df=Score-based,Q9BXA7,83942,CAMK,TSSK,0.38304121874086183,1.1674910872937636,0.7958800173440752,1.9633711046378388,31,0.3749013081675938,9
4,4_T03 vs DMSO,T03 vs DMSO,CLK3,uka_operator=csUKA;uka_type=Comparison;kinase_family=STK;uka_db_version=0.6;min_pep_set_size=3;rm_dual_spec_kinases=TRUE;min_seq_hom=0.9;min_PN_score=300;min_kl_score=1;nperms=500;max_rank=12;contr_reverse=TRUE;antibody_recognition=FALSE;rescue_unrecognized_peptides=FALSE;score_df=Score-based,P49761,1198,CMGC,CLK,-0.207229723,1.1674910872937636,0.5114492834995558,1.6789403707933195,24,-0.066045104,5
2,2_T03 vs DMSO,T03 vs DMSO,PRKCA,uka_operator=csUKA;uka_type=Comparison;kinase_family=STK;uka_db_version=0.6;min_pep_set_size=3;rm_dual_spec_kinases=TRUE;min_seq_hom=0.9;min_PN_score=300;min_kl_score=1;nperms=500;max_rank=12;contr_reverse=TRUE;antibody_recognition=FALSE;rescue_unrecognized_peptides=FALSE;score_df=Score-based,P17252,5578,AGC,PKC,0.41122168362843214,1.154901959985743,1.585026652029182,2.739928612014925,51,0.3537161118438743,39
4,4_T03 vs DMSO,T03 vs DMSO,GRK2,uka_operator=csUKA;uka_type=Comparison;kinase_family=STK;uka_db_version=0.6;min_pep_set_size=3;rm_dual_spec_kinases=TRUE;min_seq_hom=0.9;min_PN_score=300;min_kl_score=1;nperms=500;max_rank=12;contr_reverse=TRUE;antibody_recognition=FALSE;rescue_unrecognized_peptides=FALSE;score_df=Score-based,P25098,156,AGC,GRK,-0.170639115,1.154901959985743,0.7258421507363202,1.8807441107220633,20,-0.067868383,4
4,4_T03 vs DMSO,T03 vs DMSO,GRK3,uka_operator=csUKA;uka_type=Comparison;kinase_family=STK;uka_db_version=0.6;min_pep_set_size=3;rm_dual_spec_kinases=TRUE;min_seq_hom=0.9;min_PN_score=300;min_kl_score=1;nperms=500;max_rank=12;contr_reverse=TRUE;antibody_recognition=FALSE;rescue_unrecognized_peptides=FALSE;score_df=Score-based,P35626,157,AGC,GRK,-0.170664522,1.154901959985743,0.7258421507363202,1.8807441107220633,21,-0.067878011,4
0.5,0.5_T03 vs DMSO,T03 vs DMSO,DAPK3,uka_operator=csUKA;uka_type=Comparison;kinase_family=STK;uka_db_version=0.6;min_pep_set_size=3;rm_dual_spec_kinases=TRUE;min_seq_hom=0.9;min_PN_score=300;min_kl_score=1;nperms=500;max_rank=12;contr_reverse=TRUE;antibody_recognition=FALSE;rescue_unrecognized_peptides=FALSE;score_df=Score-based,O43293,1613,CAMK,DAPK,0.36070165593085163,1.1191864077192086,0.8068754016455384,1.926061809364747,33,0.31894854560628605,21
4,4_T03 vs DMSO,T03 vs DMSO,TNIK,uka_operator=csUKA;uka_type=Comparison;kinase_family=STK;uka_db_version=0.6;min_pep_set_size=3;rm_dual_spec_kinases=TRUE;min_seq_hom=0.9;min_PN_score=300;min_kl_score=1;nperms=500;max_rank=12;contr_reverse=TRUE;antibody_recognition=FALSE;rescue_unrecognized_peptides=FALSE;score_df=Score-based,Q9UKE5,23043,STE,STE20,-0.107645421,1.1079053973095196,0.4156687756324692,1.5235741729419887,32,-0.036676885,6
0.5,0.5_T03 vs DMSO,T03 vs DMSO,PAK4,uka_operator=csUKA;uka_type=Comparison;kinase_family=STK;uka_db_version=0.6;min_pep_set_size=3;rm_dual_spec_kinases=TRUE;min_seq_hom=0.9;min_PN_score=300;min_kl_score=1;nperms=500;max_rank=12;contr_reverse=TRUE;antibody_recognition=FALSE;rescue_unrecognized_peptides=FALSE;score_df=Score-based,O96013,10298,STE,STE20,0.32786664786109593,1.0969100130080565,0.7798919119599449,1.8768019249680012,37,0.3383739327608504,16
4,4_T03 vs DMSO,T03 vs DMSO,BUB1,uka_operator=csUKA;uka_type=Comparison;kinase_family=STK;uka_db_version=0.6;min_pep_set_size=3;rm_dual_spec_kinases=TRUE;min_seq_hom=0.9;min_PN_score=300;min_kl_score=1;nperms=500;max_rank=12;contr_reverse=TRUE;antibody_recognition=FALSE;rescue_unrecognized_peptides=FALSE;score_df=Score-based,O43683,699,OTHER,BUB,-0.09823737,1.0969100130080565,0.2580609222708011,1.3549709352788575,37,-0.00273313,17
4,4_T03 vs DMSO,T03 vs DMSO,CLK4,uka_operator=csUKA;uka_type=Comparison;kinase_family=STK;uka_db_version=0.6;min_pep_set_size=3;rm_dual_spec_kinases=TRUE;min_seq_hom=0.9;min_PN_score=300;min_kl_score=1;nperms=500;max_rank=12;contr_reverse=TRUE;antibody_recognition=FALSE;rescue_unrecognized_peptides=FALSE;score_df=Score-based,Q9HAZ1,57396,CMGC,CLK,-0.184051447,1.0861861476162833,0.47108329972234525,1.5572694473386286,31,-0.058428397,5
4,4_T03 vs DMSO,T03 vs DMSO,NEK10,uka_operator=csUKA;uka_type=Comparison;kinase_family=STK;uka_db_version=0.6;min_pep_set_size=3;rm_dual_spec_kinases=TRUE;min_seq_hom=0.9;min_PN_score=300;min_kl_score=1;nperms=500;max_rank=12;contr_reverse=TRUE;antibody_recognition=FALSE;rescue_unrecognized_peptides=FALSE;score_df=Score-based,Q6ZWH5,152110,NEK,NEK,-0.10709409,1.0861861476162833,0.514278574,1.6004647211347032,29,-0.023654563,4
0.5,0.5_T03 vs DMSO,T03 vs DMSO,PRKCA,uka_operator=csUKA;uka_type=Comparison;kinase_family=STK;uka_db_version=0.6;min_pep_set_size=3;rm_dual_spec_kinases=TRUE;min_seq_hom=0.9;min_PN_score=300;min_kl_score=1;nperms=500;max_rank=12;contr_reverse=TRUE;antibody_recognition=FALSE;rescue_unrecognized_peptides=FALSE;score_df=Score-based,P17252,5578,AGC,PKC,0.32701714352432737,1.0757207139381184,0.7644715530924511,1.8401922670305695,40,0.3028247403209346,39
4,4_T03 vs DMSO,T03 vs DMSO,ALPK1,uka_operator=csUKA;uka_type=Comparison;kinase_family=STK;uka_db_version=0.6;min_pep_set_size=3;rm_dual_spec_kinases=TRUE;min_seq_hom=0.9;min_PN_score=300;min_kl_score=1;nperms=500;max_rank=12;contr_reverse=TRUE;antibody_recognition=FALSE;rescue_unrecognized_peptides=FALSE;score_df=Score-based,Q96QP1,80216,Atypical,Alpha,-0.1280262,1.0757207139381184,0.5559552040819237,1.6316759180200422,27,-0.042093294,3
4,4_T03 vs DMSO,T03 vs DMSO,CDK13,uka_operator=csUKA;uka_type=Comparison;kinase_family=STK;uka_db_version=0.6;min_pep_set_size=3;rm_dual_spec_kinases=TRUE;min_seq_hom=0.9;min_PN_score=300;min_kl_score=1;nperms=500;max_rank=12;contr_reverse=TRUE;antibody_recognition=FALSE;rescue_unrecognized_peptides=FALSE;score_df=Score-based,Q14004,8621,CMGC,CDK,-0.122551045,1.0757207139381184,0.2975694635544747,1.3732901774925932,36,-0.036763955,9
0.5,0.5_T03 vs DMSO,T03 vs DMSO,CAMK2G,uka_operator=csUKA;uka_type=Comparison;kinase_family=STK;uka_db_version=0.6;min_pep_set_size=3;rm_dual_spec_kinases=TRUE;min_seq_hom=0.9;min_PN_score=300;min_kl_score=1;nperms=500;max_rank=12;contr_reverse=TRUE;antibody_recognition=FALSE;rescue_unrecognized_peptides=FALSE;score_df=Score-based,Q13555,818,CAMK,CAMK2,0.24650318268530527,1.0655015487564323,0.8181564120552275,1.883657961,36,0.234863137,12
4,4_T03 vs DMSO,T03 vs DMSO,RPS6KC1,uka_operator=csUKA;uka_type=Comparison;kinase_family=STK;uka_db_version=0.6;min_pep_set_size=3;rm_dual_spec_kinases=TRUE;min_seq_hom=0.9;min_PN_score=300;min_kl_score=1;nperms=500;max_rank=12;contr_reverse=TRUE;antibody_recognition=FALSE;rescue_unrecognized_peptides=FALSE;score_df=Score-based,Q96S38,26750,OTHER,RSKL,-0.238594248,1.0655015487564323,0.6903698325741012,1.7558713813305336,22,-0.032946281,3
0.5,0.5_T03 vs DMSO,T03 vs DMSO,AURKA,uka_operator=csUKA;uka_type=Comparison;kinase_family=STK;uka_db_version=0.6;min_pep_set_size=3;rm_dual_spec_kinases=TRUE;min_seq_hom=0.9;min_PN_score=300;min_kl_score=1;nperms=500;max_rank=12;contr_reverse=TRUE;antibody_recognition=FALSE;rescue_unrecognized_peptides=FALSE;score_df=Score-based,O14965,6790,CAMK,Aur,0.38681263670367616,1.0555173278498313,0.7851561519523022,1.8406734798021334,39,0.40052859690090903,18
0.5,0.5_T03 vs DMSO,T03 vs DMSO,PRKAA2,uka_operator=csUKA;uka_type=Comparison;kinase_family=STK;uka_db_version=0.6;min_pep_set_size=3;rm_dual_spec_kinases=TRUE;min_seq_hom=0.9;min_PN_score=300;min_kl_score=1;nperms=500;max_rank=12;contr_reverse=TRUE;antibody_recognition=FALSE;rescue_unrecognized_peptides=FALSE;score_df=Score-based,P54646,5563,CAMK,CAMKL,0.31760808057064227,1.0555173278498313,0.8416375079047503,1.8971548357545815,35,0.20368629014611456,10
4,4_T03 vs DMSO,T03 vs DMSO,MAP4K5,uka_operator=csUKA;uka_type=Comparison;kinase_family=STK;uka_db_version=0.6;min_pep_set_size=3;rm_dual_spec_kinases=TRUE;min_seq_hom=0.9;min_PN_score=300;min_kl_score=1;nperms=500;max_rank=12;contr_reverse=TRUE;antibody_recognition=FALSE;rescue_unrecognized_peptides=FALSE;score_df=Score-based,Q9Y4K4,11183,STE,STE20,-0.143564362,1.0555173278498313,0.6161846340195687,1.671701962,25,-0.034058088,5
0.5,0.5_T03 vs DMSO,T03 vs DMSO,NEK6,uka_operator=csUKA;uka_type=Comparison;kinase_family=STK;uka_db_version=0.6;min_pep_set_size=3;rm_dual_spec_kinases=TRUE;min_seq_hom=0.9;min_PN_score=300;min_kl_score=1;nperms=500;max_rank=12;contr_reverse=TRUE;antibody_recognition=FALSE;rescue_unrecognized_peptides=FALSE;score_df=Score-based,Q9HC98,10783,NEK,NEK,0.3297499228423021,1.0457574905606752,0.8927900303521317,1.938547520912807,32,0.28799400078870757,4
0.5,0.5_T03 vs DMSO,T03 vs DMSO,SIK3,uka_operator=csUKA;uka_type=Comparison;kinase_family=STK;uka_db_version=0.6;min_pep_set_size=3;rm_dual_spec_kinases=TRUE;min_seq_hom=0.9;min_PN_score=300;min_kl_score=1;nperms=500;max_rank=12;contr_reverse=TRUE;antibody_recognition=FALSE;rescue_unrecognized_peptides=FALSE;score_df=Score-based,Q9Y2K2,23387,CAMK,CAMKL,0.3920849104431104,1.0457574905606752,0.8124792791635369,1.8582367697242121,38,0.40142235390110553,8
2,2_T03 vs DMSO,T03 vs DMSO,CHUK,uka_operator=csUKA;uka_type=Comparison;kinase_family=STK;uka_db_version=0.6;min_pep_set_size=3;rm_dual_spec_kinases=TRUE;min_seq_hom=0.9;min_PN_score=300;min_kl_score=1;nperms=500;max_rank=12;contr_reverse=TRUE;antibody_recognition=FALSE;rescue_unrecognized_peptides=FALSE;score_df=Score-based,O15111,1147,OTHER,IKK,0.26637896587976645,1.0457574905606752,1.5528419686577808,2.5985994592184563,54,0.19812572112758017,13
2,2_T03 vs DMSO,T03 vs DMSO,SGK2,uka_operator=csUKA;uka_type=Comparison;kinase_family=STK;uka_db_version=0.6;min_pep_set_size=3;rm_dual_spec_kinases=TRUE;min_seq_hom=0.9;min_PN_score=300;min_kl_score=1;nperms=500;max_rank=12;contr_reverse=TRUE;antibody_recognition=FALSE;rescue_unrecognized_peptides=FALSE;score_df=Score-based,Q9HBY8,10110,AGC,SGK,0.38639914804243125,1.0457574905606752,1.5228787452803376,2.568636235841013,59,0.2854206350945009,32
0.5,0.5_T03 vs DMSO,T03 vs DMSO,TTBK1,uka_operator=csUKA;uka_type=Comparison;kinase_family=STK;uka_db_version=0.6;min_pep_set_size=3;rm_dual_spec_kinases=TRUE;min_seq_hom=0.9;min_PN_score=300;min_kl_score=1;nperms=500;max_rank=12;contr_reverse=TRUE;antibody_recognition=FALSE;rescue_unrecognized_peptides=FALSE;score_df=Score-based,Q5TCY1,84630,CK1,TTBK,0.1948718139877401,1.0268721464003014,0.8013429130455774,1.8282150594458788,41,0.15285464015759423,8
2,2_T03 vs DMSO,T03 vs DMSO,SIK1,uka_operator=csUKA;uka_type=Comparison;kinase_family=STK;uka_db_version=0.6;min_pep_set_size=3;rm_dual_spec_kinases=TRUE;min_seq_hom=0.9;min_PN_score=300;min_kl_score=1;nperms=500;max_rank=12;contr_reverse=TRUE;antibody_recognition=FALSE;rescue_unrecognized_peptides=FALSE;score_df=Score-based,P57059,150094,CAMK,CAMKL,0.5133083174011694,1.0268721464003014,2,3.0268721464003017,42,0.38487344213021396,11
4,4_T03 vs DMSO,T03 vs DMSO,COQ8A,uka_operator=csUKA;uka_type=Comparison;kinase_family=STK;uka_db_version=0.6;min_pep_set_size=3;rm_dual_spec_kinases=TRUE;min_seq_hom=0.9;min_PN_score=300;min_kl_score=1;nperms=500;max_rank=12;contr_reverse=TRUE;antibody_recognition=FALSE;rescue_unrecognized_peptides=FALSE;score_df=Score-based,Q8NI60,56997,Atypical,NA,-0.100221702,1.0268721464003014,0.24718356881172862,1.274055715,40,-0.017830878,14
4,4_T03 vs DMSO,T03 vs DMSO,PRKCB,uka_operator=csUKA;uka_type=Comparison;kinase_family=STK;uka_db_version=0.6;min_pep_set_size=3;rm_dual_spec_kinases=TRUE;min_seq_hom=0.9;min_PN_score=300;min_kl_score=1;nperms=500;max_rank=12;contr_reverse=TRUE;antibody_recognition=FALSE;rescue_unrecognized_peptides=FALSE;score_df=Score-based,P05771,5579,AGC,PKC,-0.088534249,1.0268721464003014,0.23507701535011155,1.261949161750413,41,-0.016594605,39
0.5,0.5_T03 vs DMSO,T03 vs DMSO,CSNK1G3,uka_operator=csUKA;uka_type=Comparison;kinase_family=STK;uka_db_version=0.6;min_pep_set_size=3;rm_dual_spec_kinases=TRUE;min_seq_hom=0.9;min_PN_score=300;min_kl_score=1;nperms=500;max_rank=12;contr_reverse=TRUE;antibody_recognition=FALSE;rescue_unrecognized_peptides=FALSE;score_df=Score-based,Q9Y6M4,1456,CK1,CK1,0.2510699131350315,1.0177287669604316,0.9507819773298184,1.968510744,30,0.19768096794914292,5
0.5,0.5_T03 vs DMSO,T03 vs DMSO,CSNK1A1L,uka_operator=csUKA;uka_type=Comparison;kinase_family=STK;uka_db_version=0.6;min_pep_set_size=3;rm_dual_spec_kinases=TRUE;min_seq_hom=0.9;min_PN_score=300;min_kl_score=1;nperms=500;max_rank=12;contr_reverse=TRUE;antibody_recognition=FALSE;rescue_unrecognized_peptides=FALSE;score_df=Score-based,Q8N752,122011,CK1,CK1,0.25308966508015557,1.0087739243075051,0.769551079,1.7783250029292312,44,0.2770660944426419,13
0.5,0.5_T03 vs DMSO,T03 vs DMSO,NUAK2,uka_operator=csUKA;uka_type=Comparison;kinase_family=STK;uka_db_version=0.6;min_pep_set_size=3;rm_dual_spec_kinases=TRUE;min_seq_hom=0.9;min_PN_score=300;min_kl_score=1;nperms=500;max_rank=12;contr_reverse=TRUE;antibody_recognition=FALSE;rescue_unrecognized_peptides=FALSE;score_df=Score-based,Q9H093,81788,CAMK,CAMKL,0.3200588910287552,1.0087739243075051,0.8013429130455774,1.8101168373530825,42,0.2859269262006901,7
2,2_T03 vs DMSO,T03 vs DMSO,DMPK,uka_operator=csUKA;uka_type=Comparison;kinase_family=STK;uka_db_version=0.6;min_pep_set_size=3;rm_dual_spec_kinases=TRUE;min_seq_hom=0.9;min_PN_score=300;min_kl_score=1;nperms=500;max_rank=12;contr_reverse=TRUE;antibody_recognition=FALSE;rescue_unrecognized_peptides=FALSE;score_df=Score-based,Q09013,1760,AGC,DMPK,0.4146078019806702,1.0087739243075051,1.585026652029182,2.593800576336687,55,0.28328606701776743,20
2,2_T03 vs DMSO,T03 vs DMSO,PKN2,uka_operator=csUKA;uka_type=Comparison;kinase_family=STK;uka_db_version=0.6;min_pep_set_size=3;rm_dual_spec_kinases=TRUE;min_seq_hom=0.9;min_PN_score=300;min_kl_score=1;nperms=500;max_rank=12;contr_reverse=TRUE;antibody_recognition=FALSE;rescue_unrecognized_peptides=FALSE;score_df=Score-based,Q16513,5586,AGC,PKN,0.39867662883713234,0.9913998282380825,1.585026652029182,2.5764264802672647,57,0.3380292996178192,14
0.5,0.5_T03 vs DMSO,T03 vs DMSO,AURKC,uka_operator=csUKA;uka_type=Comparison;kinase_family=STK;uka_db_version=0.6;min_pep_set_size=3;rm_dual_spec_kinases=TRUE;min_seq_hom=0.9;min_PN_score=300;min_kl_score=1;nperms=500;max_rank=12;contr_reverse=TRUE;antibody_recognition=FALSE;rescue_unrecognized_peptides=FALSE;score_df=Score-based,Q9UQB9,6795,CAMK,Aur,0.3500972569110997,0.9665762445130504,0.8068754016455384,1.7734516461585887,45,0.3293900702551801,10
0.5,0.5_T03 vs DMSO,T03 vs DMSO,PRKACG,uka_operator=csUKA;uka_type=Comparison;kinase_family=STK;uka_db_version=0.6;min_pep_set_size=3;rm_dual_spec_kinases=TRUE;min_seq_hom=0.9;min_PN_score=300;min_kl_score=1;nperms=500;max_rank=12;contr_reverse=TRUE;antibody_recognition=FALSE;rescue_unrecognized_peptides=FALSE;score_df=Score-based,P22612,5568,AGC,PKA,0.33242724382327027,0.9430951486635274,0.8601209135987634,1.8032160622622908,43,0.28390009050036136,8
4,4_T03 vs DMSO,T03 vs DMSO,CSNK1G2,uka_operator=csUKA;uka_type=Comparison;kinase_family=STK;uka_db_version=0.6;min_pep_set_size=3;rm_dual_spec_kinases=TRUE;min_seq_hom=0.9;min_PN_score=300;min_kl_score=1;nperms=500;max_rank=12;contr_reverse=TRUE;antibody_recognition=FALSE;rescue_unrecognized_peptides=FALSE;score_df=Score-based,P78368,1455,CK1,CK1,-0.081709903,0.9430951486635274,0.5316526695878427,1.474747818,35,-0.036284818,3
0.5,0.5_T03 vs DMSO,T03 vs DMSO,PRKCD,uka_operator=csUKA;uka_type=Comparison;kinase_family=STK;uka_db_version=0.6;min_pep_set_size=3;rm_dual_spec_kinases=TRUE;min_seq_hom=0.9;min_PN_score=300;min_kl_score=1;nperms=500;max_rank=12;contr_reverse=TRUE;antibody_recognition=FALSE;rescue_unrecognized_peptides=FALSE;score_df=Score-based,Q05655,5580,AGC,PKC,0.30812301226733235,0.9281179926938746,0.7851561519523022,1.7132741446461768,47,0.2796934630912336,32
0.5,0.5_T03 vs DMSO,T03 vs DMSO,PRKCQ,uka_operator=csUKA;uka_type=Comparison;kinase_family=STK;uka_db_version=0.6;min_pep_set_size=3;rm_dual_spec_kinases=TRUE;min_seq_hom=0.9;min_PN_score=300;min_kl_score=1;nperms=500;max_rank=12;contr_reverse=TRUE;antibody_recognition=FALSE;rescue_unrecognized_peptides=FALSE;score_df=Score-based,Q04759,5588,AGC,PKC,0.2999839942623584,0.9281179926938746,0.7594507517174003,1.687568744411275,48,0.2574931375072148,34
4,4_T03 vs DMSO,T03 vs DMSO,PRKCH,uka_operator=csUKA;uka_type=Comparison;kinase_family=STK;uka_db_version=0.6;min_pep_set_size=3;rm_dual_spec_kinases=TRUE;min_seq_hom=0.9;min_PN_score=300;min_kl_score=1;nperms=500;max_rank=12;contr_reverse=TRUE;antibody_recognition=FALSE;rescue_unrecognized_peptides=FALSE;score_df=Score-based,P24723,5583,AGC,PKC,-0.099936814,0.9281179926938746,0.23358715288760054,1.161705145581475,49,-0.011017147,28
0.5,0.5_T03 vs DMSO,T03 vs DMSO,PIM2,uka_operator=csUKA;uka_type=Comparison;kinase_family=STK;uka_db_version=0.6;min_pep_set_size=3;rm_dual_spec_kinases=TRUE;min_seq_hom=0.9;min_PN_score=300;min_kl_score=1;nperms=500;max_rank=12;contr_reverse=TRUE;antibody_recognition=FALSE;rescue_unrecognized_peptides=FALSE;score_df=Score-based,Q9P1W9,11040,CAMK,PIM,0.33654569313015736,0.9136401693252518,0.6989700043360187,1.6126101736612706,52,0.285413214,58
2,2_T03 vs DMSO,T03 vs DMSO,RPS6KA1,uka_operator=csUKA;uka_type=Comparison;kinase_family=STK;uka_db_version=0.6;min_pep_set_size=3;rm_dual_spec_kinases=TRUE;min_seq_hom=0.9;min_PN_score=300;min_kl_score=1;nperms=500;max_rank=12;contr_reverse=TRUE;antibody_recognition=FALSE;rescue_unrecognized_peptides=FALSE;score_df=Score-based,Q15418,6195,AGC-CAMK,RSK,0.404726755,0.9136401693252518,1.337242168318426,2.2508823376436777,77,0.3118876644221845,42
4,4_T03 vs DMSO,T03 vs DMSO,NLK,uka_operator=csUKA;uka_type=Comparison;kinase_family=STK;uka_db_version=0.6;min_pep_set_size=3;rm_dual_spec_kinases=TRUE;min_seq_hom=0.9;min_PN_score=300;min_kl_score=1;nperms=500;max_rank=12;contr_reverse=TRUE;antibody_recognition=FALSE;rescue_unrecognized_peptides=FALSE;score_df=Score-based,Q9UBE8,51701,CMGC,MAPK,-0.129013425,0.8996294548824371,0.34294414714289606,1.242573602025333,43,-0.043211698,8
4,4_T03 vs DMSO,T03 vs DMSO,SRPK1,uka_operator=csUKA;uka_type=Comparison;kinase_family=STK;uka_db_version=0.6;min_pep_set_size=3;rm_dual_spec_kinases=TRUE;min_seq_hom=0.9;min_PN_score=300;min_kl_score=1;nperms=500;max_rank=12;contr_reverse=TRUE;antibody_recognition=FALSE;rescue_unrecognized_peptides=FALSE;score_df=Score-based,Q96SB4,6732,CMGC,SRPK,-0.193377875,0.8996294548824371,0.44369749923271273,1.3433269541151498,38,-0.057974128,4
2,2_T03 vs DMSO,T03 vs DMSO,CAMK2A,uka_operator=csUKA;uka_type=Comparison;kinase_family=STK;uka_db_version=0.6;min_pep_set_size=3;rm_dual_spec_kinases=TRUE;min_seq_hom=0.9;min_PN_score=300;min_kl_score=1;nperms=500;max_rank=12;contr_reverse=TRUE;antibody_recognition=FALSE;rescue_unrecognized_peptides=FALSE;score_df=Score-based,Q9UQM7,815,CAMK,CAMK2,0.3934825552464646,0.8927900303521317,1.6989700043360187,2.5917600346881504,56,0.308515558,17
0.5,0.5_T03 vs DMSO,T03 vs DMSO,TSSK6,uka_operator=csUKA;uka_type=Comparison;kinase_family=STK;uka_db_version=0.6;min_pep_set_size=3;rm_dual_spec_kinases=TRUE;min_seq_hom=0.9;min_PN_score=300;min_kl_score=1;nperms=500;max_rank=12;contr_reverse=TRUE;antibody_recognition=FALSE;rescue_unrecognized_peptides=FALSE;score_df=Score-based,Q9BXA6,83983,CAMK,TSSK,0.37952561813137403,0.8860566476931632,0.7594507517174003,1.6455073994105636,51,0.340848688,9
4,4_T03 vs DMSO,T03 vs DMSO,CDK10,uka_operator=csUKA;uka_type=Comparison;kinase_family=STK;uka_db_version=0.6;min_pep_set_size=3;rm_dual_spec_kinases=TRUE;min_seq_hom=0.9;min_PN_score=300;min_kl_score=1;nperms=500;max_rank=12;contr_reverse=TRUE;antibody_recognition=FALSE;rescue_unrecognized_peptides=FALSE;score_df=Score-based,Q15131,8558,CMGC,CDK,-0.084567635,0.8860566476931632,0.2596373105057561,1.1456939581989194,50,-0.021544313,13
4,4_T03 vs DMSO,T03 vs DMSO,CSNK1G3,uka_operator=csUKA;uka_type=Comparison;kinase_family=STK;uka_db_version=0.6;min_pep_set_size=3;rm_dual_spec_kinases=TRUE;min_seq_hom=0.9;min_PN_score=300;min_kl_score=1;nperms=500;max_rank=12;contr_reverse=TRUE;antibody_recognition=FALSE;rescue_unrecognized_peptides=FALSE;score_df=Score-based,Q9Y6M4,1456,CK1,CK1,-0.107168897,0.8860566476931632,0.3545777306509081,1.2406343783440712,44,-0.02591257,5
2,2_T03 vs DMSO,T03 vs DMSO,PHKG2,uka_operator=csUKA;uka_type=Comparison;kinase_family=STK;uka_db_version=0.6;min_pep_set_size=3;rm_dual_spec_kinases=TRUE;min_seq_hom=0.9;min_PN_score=300;min_kl_score=1;nperms=500;max_rank=12;contr_reverse=TRUE;antibody_recognition=FALSE;rescue_unrecognized_peptides=FALSE;score_df=Score-based,P15735,5261,CAMK,PHK,0.4226882159487807,0.8794260687941501,1.5228787452803376,2.402304814074488,65,0.3715045640461027,13
2,2_T03 vs DMSO,T03 vs DMSO,PRKAA2,uka_operator=csUKA;uka_type=Comparison;kinase_family=STK;uka_db_version=0.6;min_pep_set_size=3;rm_dual_spec_kinases=TRUE;min_seq_hom=0.9;min_PN_score=300;min_kl_score=1;nperms=500;max_rank=12;contr_reverse=TRUE;antibody_recognition=FALSE;rescue_unrecognized_peptides=FALSE;score_df=Score-based,P54646,5563,CAMK,CAMKL,0.41830225644264374,0.8728952016351923,1.6197887582883939,2.4926839599235864,61,0.21058947090831662,10
2,2_T03 vs DMSO,T03 vs DMSO,STK38L,uka_operator=csUKA;uka_type=Comparison;kinase_family=STK;uka_db_version=0.6;min_pep_set_size=3;rm_dual_spec_kinases=TRUE;min_seq_hom=0.9;min_PN_score=300;min_kl_score=1;nperms=500;max_rank=12;contr_reverse=TRUE;antibody_recognition=FALSE;rescue_unrecognized_peptides=FALSE;score_df=Score-based,Q9Y2H1,23012,AGC,NDR,0.3612231278358406,0.8728952016351923,1.6197887582883939,2.4926839599235864,62,0.30362748165685793,12
4,4_T03 vs DMSO,T03 vs DMSO,MAPK13,uka_operator=csUKA;uka_type=Comparison;kinase_family=STK;uka_db_version=0.6;min_pep_set_size=3;rm_dual_spec_kinases=TRUE;min_seq_hom=0.9;min_PN_score=300;min_kl_score=1;nperms=500;max_rank=12;contr_reverse=TRUE;antibody_recognition=FALSE;rescue_unrecognized_peptides=FALSE;score_df=Score-based,O15264,5603,CMGC,MAPK,-0.087069018,0.8728952016351923,0.17263072694617473,1.045525928581367,56,-0.015322062,28
2,2_T03 vs DMSO,T03 vs DMSO,CSNK2A1,uka_operator=csUKA;uka_type=Comparison;kinase_family=STK;uka_db_version=0.6;min_pep_set_size=3;rm_dual_spec_kinases=TRUE;min_seq_hom=0.9;min_PN_score=300;min_kl_score=1;nperms=500;max_rank=12;contr_reverse=TRUE;antibody_recognition=FALSE;rescue_unrecognized_peptides=FALSE;score_df=Score-based,P68400,1457,CMGC,CK2,0.5889753542306168,0.8664610916297825,1.6575773191777938,2.5240384108075764,60,0.36697010341621544,3
4,4_T03 vs DMSO,T03 vs DMSO,PRKCG,uka_operator=csUKA;uka_type=Comparison;kinase_family=STK;uka_db_version=0.6;min_pep_set_size=3;rm_dual_spec_kinases=TRUE;min_seq_hom=0.9;min_PN_score=300;min_kl_score=1;nperms=500;max_rank=12;contr_reverse=TRUE;antibody_recognition=FALSE;rescue_unrecognized_peptides=FALSE;score_df=Score-based,P05129,5582,AGC,PKC,-0.088387732,0.8664610916297825,0.22914798835785583,1.0956090799876383,52,-0.018867632,29
0.5,0.5_T03 vs DMSO,T03 vs DMSO,AKT2,uka_operator=csUKA;uka_type=Comparison;kinase_family=STK;uka_db_version=0.6;min_pep_set_size=3;rm_dual_spec_kinases=TRUE;min_seq_hom=0.9;min_PN_score=300;min_kl_score=1;nperms=500;max_rank=12;contr_reverse=TRUE;antibody_recognition=FALSE;rescue_unrecognized_peptides=FALSE;score_df=Score-based,P31751,208,AGC,Akt,0.31857236142791234,0.8601209135987634,0.7258421507363202,1.5859630643350835,54,0.2895635037652545,43
4,4_T03 vs DMSO,T03 vs DMSO,TAOK3,uka_operator=csUKA;uka_type=Comparison;kinase_family=STK;uka_db_version=0.6;min_pep_set_size=3;rm_dual_spec_kinases=TRUE;min_seq_hom=0.9;min_PN_score=300;min_kl_score=1;nperms=500;max_rank=12;contr_reverse=TRUE;antibody_recognition=FALSE;rescue_unrecognized_peptides=FALSE;score_df=Score-based,Q9H2K8,51347,STE,STE20,-0.078282276,0.8601209135987634,0.47108329972234525,1.3312042133211086,39,-0.020520505,5
4,4_T03 vs DMSO,T03 vs DMSO,NPR2,uka_operator=csUKA;uka_type=Comparison;kinase_family=STK;uka_db_version=0.6;min_pep_set_size=3;rm_dual_spec_kinases=TRUE;min_seq_hom=0.9;min_PN_score=300;min_kl_score=1;nperms=500;max_rank=12;contr_reverse=TRUE;antibody_recognition=FALSE;rescue_unrecognized_peptides=FALSE;score_df=Score-based,P20594,4882,RGC,RGC,-0.061085871,0.8477116556169435,0.24412514432750865,1.0918367999444523,53,-0.01925185,10
4,4_T03 vs DMSO,T03 vs DMSO,TLK1,uka_operator=csUKA;uka_type=Comparison;kinase_family=STK;uka_db_version=0.6;min_pep_set_size=3;rm_dual_spec_kinases=TRUE;min_seq_hom=0.9;min_PN_score=300;min_kl_score=1;nperms=500;max_rank=12;contr_reverse=TRUE;antibody_recognition=FALSE;rescue_unrecognized_peptides=FALSE;score_df=Score-based,Q9UKI8,9874,OTHER,TLK,-0.122473496,0.8477116556169435,0.3829996588791011,1.2307113144960447,45,-0.042900689,3
4,4_T03 vs DMSO,T03 vs DMSO,PKN2,uka_operator=csUKA;uka_type=Comparison;kinase_family=STK;uka_db_version=0.6;min_pep_set_size=3;rm_dual_spec_kinases=TRUE;min_seq_hom=0.9;min_PN_score=300;min_kl_score=1;nperms=500;max_rank=12;contr_reverse=TRUE;antibody_recognition=FALSE;rescue_unrecognized_peptides=FALSE;score_df=Score-based,Q16513,5586,AGC,PKN,-0.094924567,0.8297382846050426,0.3334820194451191,1.1632203040501619,48,-0.009317246,14
4,4_T03 vs DMSO,T03 vs DMSO,PRKCE,uka_operator=csUKA;uka_type=Comparison;kinase_family=STK;uka_db_version=0.6;min_pep_set_size=3;rm_dual_spec_kinases=TRUE;min_seq_hom=0.9;min_PN_score=300;min_kl_score=1;nperms=500;max_rank=12;contr_reverse=TRUE;antibody_recognition=FALSE;rescue_unrecognized_peptides=FALSE;score_df=Score-based,Q02156,5581,AGC,PKC,-0.09346016,0.8297382846050426,0.21467016498923297,1.0444084495942756,57,-0.00974444,33
4,4_T03 vs DMSO,T03 vs DMSO,PRKCZ,uka_operator=csUKA;uka_type=Comparison;kinase_family=STK;uka_db_version=0.6;min_pep_set_size=3;rm_dual_spec_kinases=TRUE;min_seq_hom=0.9;min_PN_score=300;min_kl_score=1;nperms=500;max_rank=12;contr_reverse=TRUE;antibody_recognition=FALSE;rescue_unrecognized_peptides=FALSE;score_df=Score-based,Q05513,5590,AGC,PKC,-0.093444012,0.8297382846050426,0.23507701535011155,1.0648152999551541,54,-0.017370887,25
2,2_T03 vs DMSO,T03 vs DMSO,PRKCD,uka_operator=csUKA;uka_type=Comparison;kinase_family=STK;uka_db_version=0.6;min_pep_set_size=3;rm_dual_spec_kinases=TRUE;min_seq_hom=0.9;min_PN_score=300;min_kl_score=1;nperms=500;max_rank=12;contr_reverse=TRUE;antibody_recognition=FALSE;rescue_unrecognized_peptides=FALSE;score_df=Score-based,Q05655,5580,AGC,PKC,0.3737956642179744,0.8239087409443188,1.494850021680094,2.318758762624413,70,0.32488900198024595,32
2,2_T03 vs DMSO,T03 vs DMSO,RIPK2,uka_operator=csUKA;uka_type=Comparison;kinase_family=STK;uka_db_version=0.6;min_pep_set_size=3;rm_dual_spec_kinases=TRUE;min_seq_hom=0.9;min_PN_score=300;min_kl_score=1;nperms=500;max_rank=12;contr_reverse=TRUE;antibody_recognition=FALSE;rescue_unrecognized_peptides=FALSE;score_df=Score-based,O43353,8767,TKL,RIPK,0.2394860074839197,0.8239087409443188,1.5528419686577808,2.3767507096020997,68,0.21729513091228994,14
4,4_T03 vs DMSO,T03 vs DMSO,MAPK11,uka_operator=csUKA;uka_type=Comparison;kinase_family=STK;uka_db_version=0.6;min_pep_set_size=3;rm_dual_spec_kinases=TRUE;min_seq_hom=0.9;min_PN_score=300;min_kl_score=1;nperms=500;max_rank=12;contr_reverse=TRUE;antibody_recognition=FALSE;rescue_unrecognized_peptides=FALSE;score_df=Score-based,Q15759,5600,CMGC,MAPK,-0.097103643,0.8239087409443188,0.21183162885883233,1.035740369803151,58,-0.032254512,10
2,2_T03 vs DMSO,T03 vs DMSO,HUNK,uka_operator=csUKA;uka_type=Comparison;kinase_family=STK;uka_db_version=0.6;min_pep_set_size=3;rm_dual_spec_kinases=TRUE;min_seq_hom=0.9;min_PN_score=300;min_kl_score=1;nperms=500;max_rank=12;contr_reverse=TRUE;antibody_recognition=FALSE;rescue_unrecognized_peptides=FALSE;score_df=Score-based,P57058,30811,CAMK,CAMKL,0.2434219901230366,0.8124792791635369,1.585026652029182,2.397505931192719,66,0.17374009125690185,8
0.5,0.5_T03 vs DMSO,T03 vs DMSO,IKBKB,uka_operator=csUKA;uka_type=Comparison;kinase_family=STK;uka_db_version=0.6;min_pep_set_size=3;rm_dual_spec_kinases=TRUE;min_seq_hom=0.9;min_PN_score=300;min_kl_score=1;nperms=500;max_rank=12;contr_reverse=TRUE;antibody_recognition=FALSE;rescue_unrecognized_peptides=FALSE;score_df=Score-based,O14920,3551,OTHER,IKK,0.20058087651528364,0.8068754016455384,0.7594507517174003,1.5663261533629387,55,0.1907676095578864,8
2,2_T03 vs DMSO,T03 vs DMSO,PRKD1,uka_operator=csUKA;uka_type=Comparison;kinase_family=STK;uka_db_version=0.6;min_pep_set_size=3;rm_dual_spec_kinases=TRUE;min_seq_hom=0.9;min_PN_score=300;min_kl_score=1;nperms=500;max_rank=12;contr_reverse=TRUE;antibody_recognition=FALSE;rescue_unrecognized_peptides=FALSE;score_df=Score-based,Q15139,5587,CAMK,PKD,0.4451216903743531,0.8068754016455384,1.4685210829577449,2.2753964846032835,76,0.37215661153649554,16
4,4_T03 vs DMSO,T03 vs DMSO,MAP4K4,uka_operator=csUKA;uka_type=Comparison;kinase_family=STK;uka_db_version=0.6;min_pep_set_size=3;rm_dual_spec_kinases=TRUE;min_seq_hom=0.9;min_PN_score=300;min_kl_score=1;nperms=500;max_rank=12;contr_reverse=TRUE;antibody_recognition=FALSE;rescue_unrecognized_peptides=FALSE;score_df=Score-based,O95819,9448,STE,STE20,-0.065878437,0.8068754016455384,0.41116827440579273,1.2180436760513311,47,-0.024422667,6
0.5,0.5_T03 vs DMSO,T03 vs DMSO,PDK1,uka_operator=csUKA;uka_type=Comparison;kinase_family=STK;uka_db_version=0.6;min_pep_set_size=3;rm_dual_spec_kinases=TRUE;min_seq_hom=0.9;min_PN_score=300;min_kl_score=1;nperms=500;max_rank=12;contr_reverse=TRUE;antibody_recognition=FALSE;rescue_unrecognized_peptides=FALSE;score_df=Score-based,Q15118,5163,Atypical,PDHK,0.23420235174591855,0.8013429130455774,0.8664610916297825,1.667804005,49,0.2283726904262923,3
4,4_T03 vs DMSO,T03 vs DMSO,MAP3K12,uka_operator=csUKA;uka_type=Comparison;kinase_family=STK;uka_db_version=0.6;min_pep_set_size=3;rm_dual_spec_kinases=TRUE;min_seq_hom=0.9;min_PN_score=300;min_kl_score=1;nperms=500;max_rank=12;contr_reverse=TRUE;antibody_recognition=FALSE;rescue_unrecognized_peptides=FALSE;score_df=Score-based,Q12852,7786,TKL,MLK,-0.087289353,0.8013429130455774,0.2596373105057561,1.0609802235513335,55,-0.030878944,8
0.5,0.5_T03 vs DMSO,T03 vs DMSO,STK32C,uka_operator=csUKA;uka_type=Comparison;kinase_family=STK;uka_db_version=0.6;min_pep_set_size=3;rm_dual_spec_kinases=TRUE;min_seq_hom=0.9;min_PN_score=300;min_kl_score=1;nperms=500;max_rank=12;contr_reverse=TRUE;antibody_recognition=FALSE;rescue_unrecognized_peptides=FALSE;score_df=Score-based,Q86UX6,282974,AGC,YANK,0.28246607748676433,0.7958800173440752,0.7644715530924511,1.5603515704365263,56,0.29395383468240016,11
4,4_T03 vs DMSO,T03 vs DMSO,CDK11A,uka_operator=csUKA;uka_type=Comparison;kinase_family=STK;uka_db_version=0.6;min_pep_set_size=3;rm_dual_spec_kinases=TRUE;min_seq_hom=0.9;min_PN_score=300;min_kl_score=1;nperms=500;max_rank=12;contr_reverse=TRUE;antibody_recognition=FALSE;rescue_unrecognized_peptides=FALSE;score_df=Score-based,Q9UQ88,728642,CMGC,CDK,-0.076758001,0.7746907182741372,0.3467874862246563,1.1214782044987934,51,-0.027009838,6
2,2_T03 vs DMSO,T03 vs DMSO,BRSK2,uka_operator=csUKA;uka_type=Comparison;kinase_family=STK;uka_db_version=0.6;min_pep_set_size=3;rm_dual_spec_kinases=TRUE;min_seq_hom=0.9;min_PN_score=300;min_kl_score=1;nperms=500;max_rank=12;contr_reverse=TRUE;antibody_recognition=FALSE;rescue_unrecognized_peptides=FALSE;score_df=Score-based,Q8IWQ3,9024,CAMK,CAMKL,0.38706355504052664,0.7644715530924511,1.6197887582883939,2.384260311380845,67,0.2972744805483714,15
4,4_T03 vs DMSO,T03 vs DMSO,MAP3K5,uka_operator=csUKA;uka_type=Comparison;kinase_family=STK;uka_db_version=0.6;min_pep_set_size=3;rm_dual_spec_kinases=TRUE;min_seq_hom=0.9;min_PN_score=300;min_kl_score=1;nperms=500;max_rank=12;contr_reverse=TRUE;antibody_recognition=FALSE;rescue_unrecognized_peptides=FALSE;score_df=Score-based,Q99683,4217,STE,STE11,-0.071257424,0.7644715530924511,0.2628073572952627,1.0272789103877138,60,-0.03435837,7
4,4_T03 vs DMSO,T03 vs DMSO,RPS6KB1,uka_operator=csUKA;uka_type=Comparison;kinase_family=STK;uka_db_version=0.6;min_pep_set_size=3;rm_dual_spec_kinases=TRUE;min_seq_hom=0.9;min_PN_score=300;min_kl_score=1;nperms=500;max_rank=12;contr_reverse=TRUE;antibody_recognition=FALSE;rescue_unrecognized_peptides=FALSE;score_df=Score-based,P23443,6198,AGC,RSK,-0.082751655,0.7644715530924511,0.18842499412940666,0.9528965472218578,66,-0.024853515,38
4,4_T03 vs DMSO,T03 vs DMSO,BRAF,uka_operator=csUKA;uka_type=Comparison;kinase_family=STK;uka_db_version=0.6;min_pep_set_size=3;rm_dual_spec_kinases=TRUE;min_seq_hom=0.9;min_PN_score=300;min_kl_score=1;nperms=500;max_rank=12;contr_reverse=TRUE;antibody_recognition=FALSE;rescue_unrecognized_peptides=FALSE;score_df=Score-based,P15056,673,TKL,RAF,-0.073974803,0.7544873321858502,0.22040350874217546,0.9748908409280257,61,-0.031352715,10
0.5,0.5_T03 vs DMSO,T03 vs DMSO,TSSK3,uka_operator=csUKA;uka_type=Comparison;kinase_family=STK;uka_db_version=0.6;min_pep_set_size=3;rm_dual_spec_kinases=TRUE;min_seq_hom=0.9;min_PN_score=300;min_kl_score=1;nperms=500;max_rank=12;contr_reverse=TRUE;antibody_recognition=FALSE;rescue_unrecognized_peptides=FALSE;score_df=Score-based,Q96PN8,81629,CAMK,TSSK,0.43887587464381184,0.7495799976911061,0.7351821769904635,1.4847621746815696,62,0.3823975684925422,9
4,4_T03 vs DMSO,T03 vs DMSO,STK4,uka_operator=csUKA;uka_type=Comparison;kinase_family=STK;uka_db_version=0.6;min_pep_set_size=3;rm_dual_spec_kinases=TRUE;min_seq_hom=0.9;min_PN_score=300;min_kl_score=1;nperms=500;max_rank=12;contr_reverse=TRUE;antibody_recognition=FALSE;rescue_unrecognized_peptides=FALSE;score_df=Score-based,Q13043,6789,STE,STE20,-0.092230227,0.7495799976911061,0.47108329972234525,1.2206632974134513,46,-0.021927508,5
0.5,0.5_T03 vs DMSO,T03 vs DMSO,ROCK2,uka_operator=csUKA;uka_type=Comparison;kinase_family=STK;uka_db_version=0.6;min_pep_set_size=3;rm_dual_spec_kinases=TRUE;min_seq_hom=0.9;min_PN_score=300;min_kl_score=1;nperms=500;max_rank=12;contr_reverse=TRUE;antibody_recognition=FALSE;rescue_unrecognized_peptides=FALSE;score_df=Score-based,O75116,9475,AGC,DMPK,0.26115597817345143,0.7351821769904635,0.7594507517174003,1.4946329287078637,61,0.18854215636507685,21
0.5,0.5_T03 vs DMSO,T03 vs DMSO,CSNK1E,uka_operator=csUKA;uka_type=Comparison;kinase_family=STK;uka_db_version=0.6;min_pep_set_size=3;rm_dual_spec_kinases=TRUE;min_seq_hom=0.9;min_PN_score=300;min_kl_score=1;nperms=500;max_rank=12;contr_reverse=TRUE;antibody_recognition=FALSE;rescue_unrecognized_peptides=FALSE;score_df=Score-based,P49674,1454,CK1,CK1,0.13947755755470265,0.7304870557820837,0.7746907182741372,1.5051777740562209,60,0.12709954147443261,5
4,4_T03 vs DMSO,T03 vs DMSO,MKNK1,uka_operator=csUKA;uka_type=Comparison;kinase_family=STK;uka_db_version=0.6;min_pep_set_size=3;rm_dual_spec_kinases=TRUE;min_seq_hom=0.9;min_PN_score=300;min_kl_score=1;nperms=500;max_rank=12;contr_reverse=TRUE;antibody_recognition=FALSE;rescue_unrecognized_peptides=FALSE;score_df=Score-based,Q9BUB5,8569,CAMK,MAPKAPK,-0.104061417,0.7304870557820837,0.23210238398190938,0.9625894397639931,64,-0.016647039,12
4,4_T03 vs DMSO,T03 vs DMSO,STK11,uka_operator=csUKA;uka_type=Comparison;kinase_family=STK;uka_db_version=0.6;min_pep_set_size=3;rm_dual_spec_kinases=TRUE;min_seq_hom=0.9;min_PN_score=300;min_kl_score=1;nperms=500;max_rank=12;contr_reverse=TRUE;antibody_recognition=FALSE;rescue_unrecognized_peptides=FALSE;score_df=Score-based,Q15831,6794,CAMK,CAMKL,-0.060174722,0.7033348097384688,0.2549252084179425,0.9582600181564114,65,-0.009685946,8
,,,,,,,,,,,,,,,
,,,,,,,,,,,,,,,
,,,,,,,,,,,,,,,
,,,,,,,,,,,,,,,
,,,,,,,,,,,,,,,
,,,,,,,,,,,,,,,
,,,,,,,,,,,,,,,
,,,,,,,,,,,,,,,
,,,,,,,,,,,,,,,
,,,,,,,,,,,,,,,
,,,,,,,,,,,,,,,
,,,,,,,,,,,,,,,
,,,,,,,,,,,,,,,
,,,,,,,,,,,,,,,
,,,,,,,,,,,,,,,
,,,,,,,,,,,,,,,
,,,,,,,,,,,,,,,
,,,,,,,,,,,,,,,
,,,,,,,,,,,,,,,
,,,,,,,,,,,,,,,
,,,,,,,,,,,,,,,
,,,,,,,,,,,,,,,
,,,,,,,,,,,,,,,
,,,,,,,,,,,,,,,
,,,,,,,,,,,,,,,
,,,,,,,,,,,,,,,
,,,,,,,,,,,,,,,
,,,,,,,,,,,,,,,
,,,,,,,,,,,,,,,
,,,,,,,,,,,,,,,
,,,,,,,,,,,,,,,
,,,,,,,,,,,,,,,
,,,,,,,,,,,,,,,
,,,,,,,,,,,,,,,
,,,,,,,,,,,,,,,
,,,,,,,,,,,,,,,
,,,,,,,,,,,,,,,
,,,,,,,,,,,,,,,
,,,,,,,,,,,,,,,
,,,,,,,,,,,,,,,
,,,,,,,,,,,,,,,
,,,,,,,,,,,,,,,
,,,,,,,,,,,,,,,
,,,,,,,,,,,,,,,
,,,,,,,,,,,,,,,
,,,,,,,,,,,,,,,
,,,,,,,,,,,,,,,
,,,,,,,,,,,,,,,
,,,,,,,,,,,,,,,
,,,,,,,,,,,,,,,
,,,,,,,,,,,,,,,
,,,,,,,,,,,,,,,
,,,,,,,,,,,,,,,
,,,,,,,,,,,,,,,
,,,,,,,,,,,,,,,
,,,,,,,,,,,,,,,
,,,,,,,,,,,,,,,
,,,,,,,,,,,,,,,
,,,,,,,,,,,,,,,
,,,,,,,,,,,,,,,
,,,,,,,,,,,,,,,
,,,,,,,,,,,,,,,
,,,,,,,,,,,,,,,
,,,,,,,,,,,,,,,
,,,,,,,,,,,,,,,
,,,,,,,,,,,,,,,
,,,,,,,,,,,,,,,
,,,,,,,,,,,,,,,
,,,,,,,,,,,,,,,
,,,,,,,,,,,,,,,
,,,,,,,,,,,,,,,
,,,,,,,,,,,,,,,
,,,,,,,,,,,,,,,
,,,,,,,,,,,,,,,
,,,,,,,,,,,,,,,
,,,,,,,,,,,,,,,
,,,,,,,,,,,,,,,
,,,,,,,,,,,,,,,
,,,,,,,,,,,,,,,
,,,,,,,,,,,,,,,
,,,,,,,,,,,,,,,
,,,,,,,,,,,,,,,
,,,,,,,,,,,,,,,
,,,,,,,,,,,,,,,
,,,,,,,,,,,,,,,
,,,,,,,,,,,,,,,
,,,,,,,,,,,,,,,
,,,,,,,,,,,,,,,
,,,,,,,,,,,,,,,
,,,,,,,,,,,,,,,
,,,,,,,,,,,,,,,
,,,,,,,,,,,,,,,
,,,,,,,,,,,,,,,
,,,,,,,,,,,,,,,
,,,,,,,,,,,,,,,
,,,,,,,,,,,,,,,
,,,,,,,,,,,,,,,
,,,,,,,,,,,,,,,
,,,,,,,,,,,,,,,
,,,,,,,,,,,,,,,
,,,,,,,,,,,,,,,
,,,,,,,,,,,,,,,
,,,,,,,,,,,,,,,
,,,,,,,,,,,,,,,
,,,,,,,,,,,,,,,
,,,,,,,,,,,,,,,
,,,,,,,,,,,,,,,
,,,,,,,,,,,,,,,
,,,,,,,,,,,,,,,
,,,,,,,,,,,,,,,
,,,,,,,,,,,,,,,
,,,,,,,,,,,,,,,
,,,,,,,,,,,,,,,
,,,,,,,,,,,,,,,
,,,,,,,,,,,,,,,
,,,,,,,,,,,,,,,
,,,,,,,,,,,,,,,
,,,,,,,,,,,,,,,
,,,,,,,,,,,,,,,
,,,,,,,,,,,,,,,
,,,,,,,,,,,,,,,
,,,,,,,,,,,,,,,
,,,,,,,,,,,,,,,
,,,,,,,,,,,,,,,
,,,,,,,,,,,,,,,
,,,,,,,,,,,,,,,
,,,,,,,,,,,,,,,
,,,,,,,,,,,,,,,
,,,,,,,,,,,,,,,
,,,,,,,,,,,,,,,
,,,,,,,,,,,,,,,
,,,,,,,,,,,,,,,
,,,,,,,,,,,,,,,
,,,,,,,,,,,,,,,
,,,,,,,,,,,,,,,
,,,,,,,,,,,,,,,
,,,,,,,,,,,,,,,
,,,,,,,,,,,,,,,
,,,,,,,,,,,,,,,
,,,,,,,,,,,,,,,
,,,,,,,,,,,,,,,
,,,,,,,,,,,,,,,
,,,,,,,,,,,,,,,
,,,,,,,,,,,,,,,
,,,,,,,,,,,,,,,
,,,,,,,,,,,,,,,
,,,,,,,,,,,,,,,
,,,,,,,,,,,,,,,
,,,,,,,,,,,,,,,
,,,,,,,,,,,,,,,
,,,,,,,,,,,,,,,
,,,,,,,,,,,,,,,
,,,,,,,,,,,,,,,
,,,,,,,,,,,,,,,
,,,,,,,,,,,,,,,
,,,,,,,,,,,,,,,
,,,,,,,,,,,,,,,
,,,,,,,,,,,,,,,
,,,,,,,,,,,,,,,
,,,,,,,,,,,,,,,
,,,,,,,,,,,,,,,
,,,,,,,,,,,,,,,
,,,,,,,,,,,,,,,
,,,,,,,,,,,,,,,
,,,,,,,,,,,,,,,
,,,,,,,,,,,,,,,
,,,,,,,,,,,,,,,
,,,,,,,,,,,,,,,
,,,,,,,,,,,,,,,
,,,,,,,,,,,,,,,
,,,,,,,,,,,,,,,
,,,,,,,,,,,,,,,
,,,,,,,,,,,,,,,
,,,,,,,,,,,,,,,
,,,,,,,,,,,,,,,
,,,,,,,,,,,,,,,
,,,,,,,,,,,,,,,
,,,,,,,,,,,,,,,
,,,,,,,,,,,,,,,
,,,,,,,,,,,,,,,
,,,,,,,,,,,,,,,
,,,,,,,,,,,,,,,
,,,,,,,,,,,,,,,
,,,,,,,,,,,,,,,
,,,,,,,,,,,,,,,
,,,,,,,,,,,,,,,
,,,,,,,,,,,,,,,
,,,,,,,,,,,,,,,
,,,,,,,,,,,,,,,
,,,,,,,,,,,,,,,
,,,,,,,,,,,,,,,
,,,,,,,,,,,,,,,
,,,,,,,,,,,,,,,
,,,,,,,,,,,,,,,
,,,,,,,,,,,,,,,
,,,,,,,,,,,,,,,
,,,,,,,,,,,,,,,
,,,,,,,,,,,,,,,
,,,,,,,,,,,,,,,
,,,,,,,,,,,,,,,
,,,,,,,,,,,,,,,
,,,,,,,,,,,,,,,
,,,,,,,,,,,,,,,
,,,,,,,,,,,,,,,
,,,,,,,,,,,,,,,
,,,,,,,,,,,,,,,
,,,,,,,,,,,,,,,
,,,,,,,,,,,,,,,
,,,,,,,,,,,,,,,
,,,,,,,,,,,,,,,
,,,,,,,,,,,,,,,
,,,,,,,,,,,,,,,
,,,,,,,,,,,,,,,
,,,,,,,,,,,,,,,
,,,,,,,,,,,,,,,
,,,,,,,,,,,,,,,
,,,,,,,,,,,,,,,
,,,,,,,,,,,,,,,
,,,,,,,,,,,,,,,
,,,,,,,,,,,,,,,
,,,,,,,,,,,,,,,
,,,,,,,,,,,,,,,
,,,,,,,,,,,,,,,
,,,,,,,,,,,,,,,
,,,,,,,,,,,,,,,
,,,,,,,,,,,,,,,
,,,,,,,,,,,,,,,
,,,,,,,,,,,,,,,
,,,,,,,,,,,,,,,
,,,,,,,,,,,,,,,
,,,,,,,,,,,,,,,
,,,,,,,,,,,,,,,
,,,,,,,,,,,,,,,
,,,,,,,,,,,,,,,
,,,,,,,,,,,,,,,
,,,,,,,,,,,,,,,
,,,,,,,,,,,,,,,
,,,,,,,,,,,,,,,
,,,,,,,,,,,,,,,
,,,,,,,,,,,,,,,
,,,,,,,,,,,,,,,
,,,,,,,,,,,,,,,
,,,,,,,,,,,,,,,
,,,,,,,,,,,,,,,
,,,,,,,,,,,,,,,
,,,,,,,,,,,,,,,
,,,,,,,,,,,,,,,
,,,,,,,,,,,,,,,
,,,,,,,,,,,,,,,
,,,,,,,,,,,,,,,
,,,,,,,,,,,,,,,
,,,,,,,,,,,,,,,
,,,,,,,,,,,,,,,
,,,,,,,,,,,,,,,
,,,,,,,,,,,,,,,
,,,,,,,,,,,,,,,
,,,,,,,,,,,,,,,
,,,,,,,,,,,,,,,
,,,,,,,,,,,,,,,
,,,,,,,,,,,,,,,
,,,,,,,,,,,,,,,
,,,,,,,,,,,,,,,
,,,,,,,,,,,,,,,
,,,,,,,,,,,,,,,
,,,,,,,,,,,,,,,
,,,,,,,,,,,,,,,
,,,,,,,,,,,,,,,
,,,,,,,,,,,,,,,
,,,,,,,,,,,,,,,
,,,,,,,,,,,,,,,
,,,,,,,,,,,,,,,
,,,,,,,,,,,,,,,
,,,,,,,,,,,,,,,
,,,,,,,,,,,,,,,
,,,,,,,,,,,,,,,
,,,,,,,,,,,,,,,
,,,,,,,,,,,,,,,
,,,,,,,,,,,,,,,
,,,,,,,,,,,,,,,
,,,,,,,,,,,,,,,
,,,,,,,,,,,,,,,
,,,,,,,,,,,,,,,
,,,,,,,,,,,,,,,
,,,,,,,,,,,,,,,
,,,,,,,,,,,,,,,
,,,,,,,,,,,,,,,
,,,,,,,,,,,,,,,
,,,,,,,,,,,,,,,
,,,,,,,,,,,,,,,
,,,,,,,,,,,,,,,
,,,,,,,,,,,,,,,
,,,,,,,,,,,,,,,
,,,,,,,,,,,,,,,
,,,,,,,,,,,,,,,
,,,,,,,,,,,,,,,
,,,,,,,,,,,,,,,
,,,,,,,,,,,,,,,
,,,,,,,,,,,,,,,
,,,,,,,,,,,,,,,
,,,,,,,,,,,,,,,
,,,,,,,,,,,,,,,
,,,,,,,,,,,,,,,
,,,,,,,,,,,,,,,
,,,,,,,,,,,,,,,
,,,,,,,,,,,,,,,
,,,,,,,,,,,,,,,
,,,,,,,,,,,,,,,
,,,,,,,,,,,,,,,
,,,,,,,,,,,,,,,
,,,,,,,,,,,,,,,
,,,,,,,,,,,,,,,
,,,,,,,,,,,,,,,
,,,,,,,,,,,,,,,
,,,,,,,,,,,,,,,
,,,,,,,,,,,,,,,
,,,,,,,,,,,,,,,
,,,,,,,,,,,,,,,
,,,,,,,,,,,,,,,
,,,,,,,,,,,,,,,
,,,,,,,,,,,,,,,
,,,,,,,,,,,,,,,
,,,,,,,,,,,,,,,
,,,,,,,,,,,,,,,
,,,,,,,,,,,,,,,
,,,,,,,,,,,,,,,
,,,,,,,,,,,,,,,
,,,,,,,,,,,,,,,
,,,,,,,,,,,,,,,
,,,,,,,,,,,,,,,
,,,,,,,,,,,,,,,
,,,,,,,,,,,,,,,
,,,,,,,,,,,,,,,
,,,,,,,,,,,,,,,
,,,,,,,,,,,,,,,
,,,,,,,,,,,,,,,
,,,,,,,,,,,,,,,
,,,,,,,,,,,,,,,
,,,,,,,,,,,,,,,
,,,,,,,,,,,,,,,
,,,,,,,,,,,,,,,
,,,,,,,,,,,,,,,
,,,,,,,,,,,,,,,
,,,,,,,,,,,,,,,
,,,,,,,,,,,,,,,
,,,,,,,,,,,,,,,
,,,,,,,,,,,,,,,
,,,,,,,,,,,,,,,
,,,,,,,,,,,,,,,
,,,,,,,,,,,,,,,
,,,,,,,,,,,,,,,
,,,,,,,,,,,,,,,
,,,,,,,,,,,,,,,
,,,,,,,,,,,,,,,
,,,,,,,,,,,,,,,
,,,,,,,,,,,,,,,
,,,,,,,,,,,,,,,
,,,,,,,,,,,,,,,
,,,,,,,,,,,,,,,
,,,,,,,,,,,,,,,
,,,,,,,,,,,,,,,
,,,,,,,,,,,,,,,
,,,,,,,,,,,,,,,
,,,,,,,,,,,,,,,
,,,,,,,,,,,,,,,
,,,,,,,,,,,,,,,
,,,,,,,,,,,,,,,
,,,,,,,,,,,,,,,
,,,,,,,,,,,,,,,
,,,,,,,,,,,,,,,
,,,,,,,,,,,,,,,
,,,,,,,,,,,,,,,
,,,,,,,,,,,,,,,
,,,,,,,,,,,,,,,
,,,,,,,,,,,,,,,
,,,,,,,,,,,,,,,
,,,,,,,,,,,,,,,
,,,,,,,,,,,,,,,
,,,,,,,,,,,,,,,
,,,,,,,,,,,,,,,
,,,,,,,,,,,,,,,
,,,,,,,,,,,,,,,
,,,,,,,,,,,,,,,
,,,,,,,,,,,,,,,
,,,,,,,,,,,,,,,
,,,,,,,,,,,,,,,
,,,,,,,,,,,,,,,
,,,,,,,,,,,,,,,
,,,,,,,,,,,,,,,
,,,,,,,,,,,,,,,
,,,,,,,,,,,,,,,
,,,,,,,,,,,,,,,
,,,,,,,,,,,,,,,
,,,,,,,,,,,,,,,
,,,,,,,,,,,,,,,
,,,,,,,,,,,,,,,
,,,,,,,,,,,,,,,
,,,,,,,,,,,,,,,
,,,,,,,,,,,,,,,
,,,,,,,,,,,,,,,
,,,,,,,,,,,,,,,
,,,,,,,,,,,,,,,
,,,,,,,,,,,,,,,
,,,,,,,,,,,,,,,
,,,,,,,,,,,,,,,
,,,,,,,,,,,,,,,
,,,,,,,,,,,,,,,
,,,,,,,,,,,,,,,
,,,,,,,,,,,,,,,
,,,,,,,,,,,,,,,
,,,,,,,,,,,,,,,
,,,,,,,,,,,,,,,
,,,,,,,,,,,,,,,
,,,,,,,,,,,,,,,
,,,,,,,,,,,,,,,
,,,,,,,,,,,,,,,
,,,,,,,,,,,,,,,
,,,,,,,,,,,,,,,
,,,,,,,,,,,,,,,
,,,,,,,,,,,,,,,
,,,,,,,,,,,,,,,
,,,,,,,,,,,,,,,
,,,,,,,,,,,,,,,
,,,,,,,,,,,,,,,
,,,,,,,,,,,,,,,
,,,,,,,,,,,,,,,
,,,,,,,,,,,,,,,
,,,,,,,,,,,,,,,
,,,,,,,,,,,,,,,
,,,,,,,,,,,,,,,
,,,,,,,,,,,,,,,
,,,,,,,,,,,,,,,
,,,,,,,,,,,,,,,
,,,,,,,,,,,,,,,
,,,,,,,,,,,,,,,
,,,,,,,,,,,,,,,
,,,,,,,,,,,,,,,
,,,,,,,,,,,,,,,
,,,,,,,,,,,,,,,
,,,,,,,,,,,,,,,
,,,,,,,,,,,,,,,
,,,,,,,,,,,,,,,
,,,,,,,,,,,,,,,
,,,,,,,,,,,,,,,
,,,,,,,,,,,,,,,
,,,,,,,,,,,,,,,
,,,,,,,,,,,,,,,
,,,,,,,,,,,,,,,
,,,,,,,,,,,,,,,
,,,,,,,,,,,,,,,
,,,,,,,,,,,,,,,
,,,,,,,,,,,,,,,
,,,,,,,,,,,,,,,
,,,,,,,,,,,,,,,
,,,,,,,,,,,,,,,
,,,,,,,,,,,,,,,
,,,,,,,,,,,,,,,
,,,,,,,,,,,,,,,
,,,,,,,,,,,,,,,
,,,,,,,,,,,,,,,
,,,,,,,,,,,,,,,
,,,,,,,,,,,,,,,
,,,,,,,,,,,,,,,
,,,,,,,,,,,,,,,
,,,,,,,,,,,,,,,
,,,,,,,,,,,,,,,
,,,,,,,,,,,,,,,
,,,,,,,,,,,,,,,
,,,,,,,,,,,,,,,
,,,,,,,,,,,,,,,
,,,,,,,,,,,,,,,
,,,,,,,,,,,,,,,
,,,,,,,,,,,,,,,
,,,,,,,,,,,,,,,
,,,,,,,,,,,,,,,
,,,,,,,,,,,,,,,
,,,,,,,,,,,,,,,
,,,,,,,,,,,,,,,
,,,,,,,,,,,,,,,
,,,,,,,,,,,,,,,
,,,,,,,,,,,,,,,
,,,,,,,,,,,,,,,
,,,,,,,,,,,,,,,
,,,,,,,,,,,,,,,
,,,,,,,,,,,,,,,
,,,,,,,,,,,,,,,
,,,,,,,,,,,,,,,
,,,,,,,,,,,,,,,
,,,,,,,,,,,,,,,
,,,,,,,,,,,,,,,
,,,,,,,,,,,,,,,
,,,,,,,,,,,,,,,
,,,,,,,,,,,,,,,
,,,,,,,,,,,,,,,
,,,,,,,,,,,,,,,
,,,,,,,,,,,,,,,
,,,,,,,,,,,,,,,
,,,,,,,,,,,,,,,
,,,,,,,,,,,,,,,
,,,,,,,,,,,,,,,
,,,,,,,,,,,,,,,
,,,,,,,,,,,,,,,
,,,,,,,,,,,,,,,
,,,,,,,,,,,,,,,
,,,,,,,,,,,,,,,
,,,,,,,,,,,,,,,
,,,,,,,,,,,,,,,
,,,,,,,,,,,,,,,
,,,,,,,,,,,,,,,
,,,,,,,,,,,,,,,
,,,,,,,,,,,,,,,
,,,,,,,,,,,,,,,
,,,,,,,,,,,,,,,
,,,,,,,,,,,,,,,
,,,,,,,,,,,,,,,
,,,,,,,,,,,,,,,
,,,,,,,,,,,,,,,
,,,,,,,,,,,,,,,
,,,,,,,,,,,,,,,
,,,,,,,,,,,,,,,
,,,,,,,,,,,,,,,
,,,,,,,,,,,,,,,
,,,,,,,,,,,,,,,
,,,,,,,,,,,,,,,
,,,,,,,,,,,,,,,
,,,,,,,,,,,,,,,
,,,,,,,,,,,,,,,
,,,,,,,,,,,,,,,
,,,,,,,,,,,,,,,
,,,,,,,,,,,,,,,
,,,,,,,,,,,,,,,
,,,,,,,,,,,,,,,
,,,,,,,,,,,,,,,
,,,,,,,,,,,,,,,
,,,,,,,,,,,,,,,
,,,,,,,,,,,,,,,
,,,,,,,,,,,,,,,
,,,,,,,,,,,,,,,
,,,,,,,,,,,,,,,
,,,,,,,,,,,,,,,
,,,,,,,,,,,,,,,
,,,,,,,,,,,,,,,
,,,,,,,,,,,,,,,
,,,,,,,,,,,,,,,
,,,,,,,,,,,,,,,
,,,,,,,,,,,,,,,
,,,,,,,,,,,,,,,
,,,,,,,,,,,,,,,
,,,,,,,,,,,,,,,
,,,,,,,,,,,,,,,
,,,,,,,,,,,,,,,
,,,,,,,,,,,,,,,
,,,,,,,,,,,,,,,
,,,,,,,,,,,,,,,
,,,,,,,,,,,,,,,
,,,,,,,,,,,,,,,
,,,,,,,,,,,,,,,
,,,,,,,,,,,,,,,
,,,,,,,,,,,,,,,
,,,,,,,,,,,,,,,
,,,,,,,,,,,,,,,
,,,,,,,,,,,,,,,
,,,,,,,,,,,,,,,
,,,,,,,,,,,,,,,
,,,,,,,,,,,,,,,
,,,,,,,,,,,,,,,
,,,,,,,,,,,,,,,
,,,,,,,,,,,,,,,
,,,,,,,,,,,,,,,
,,,,,,,,,,,,,,,
,,,,,,,,,,,,,,,
,,,,,,,,,,,,,,,
,,,,,,,,,,,,,,,
,,,,,,,,,,,,,,,
,,,,,,,,,,,,,,,
,,,,,,,,,,,,,,,
,,,,,,,,,,,,,,,
,,,,,,,,,,,,,,,
,,,,,,,,,,,,,,,
,,,,,,,,,,,,,,,
,,,,,,,,,,,,,,,
,,,,,,,,,,,,,,,
,,,,,,,,,,,,,,,
,,,,,,,,,,,,,,,
,,,,,,,,,,,,,,,
,,,,,,,,,,,,,,,
,,,,,,,,,,,,,,,
,,,,,,,,,,,,,,,
,,,,,,,,,,,,,,,
,,,,,,,,,,,,,,,
,,,,,,,,,,,,,,,
,,,,,,,,,,,,,,,
,,,,,,,,,,,,,,,
,,,,,,,,,,,,,,,
,,,,,,,,,,,,,,,
,,,,,,,,,,,,,,,
,,,,,,,,,,,,,,,
,,,,,,,,,,,,,,,
,,,,,,,,,,,,,,,
,,,,,,,,,,,,,,,
,,,,,,,,,,,,,,,
,,,,,,,,,,,,,,,
,,,,,,,,,,,,,,,
,,,,,,,,,,,,,,,
,,,,,,,,,,,,,,,
,,,,,,,,,,,,,,,
,,,,,,,,,,,,,,,
,,,,,,,,,,,,,,,
,,,,,,,,,,,,,,,
,,,,,,,,,,,,,,,
,,,,,,,,,,,,,,,
,,,,,,,,,,,,,,,
,,,,,,,,,,,,,,,
,,,,,,,,,,,,,,,
,,,,,,,,,,,,,,,
,,,,,,,,,,,,,,,
,,,,,,,,,,,,,,,
,,,,,,,,,,,,,,,
,,,,,,,,,,,,,,,
,,,,,,,,,,,,,,,
,,,,,,,,,,,,,,,
,,,,,,,,,,,,,,,
,,,,,,,,,,,,,,,
,,,,,,,,,,,,,,,
,,,,,,,,,,,,,,,
,,,,,,,,,,,,,,,
,,,,,,,,,,,,,,,
,,,,,,,,,,,,,,,
,,,,,,,,,,,,,,,
,,,,,,,,,,,,,,,
,,,,,,,,,,,,,,,
,,,,,,,,,,,,,,,
,,,,,,,,,,,,,,,
,,,,,,,,,,,,,,,
,,,,,,,,,,,,,,,
,,,,,,,,,,,,,,,
,,,,,,,,,,,,,,,
,,,,,,,,,,,,,,,
,,,,,,,,,,,,,,,
,,,,,,,,,,,,,,,
,,,,,,,,,,,,,,,
,,,,,,,,,,,,,,,
,,,,,,,,,,,,,,,
,,,,,,,,,,,,,,,
,,,,,,,,,,,,,,,
,,,,,,,,,,,,,,,
,,,,,,,,,,,,,,,
,,,,,,,,,,,,,,,
,,,,,,,,,,,,,,,
,,,,,,,,,,,,,,,
,,,,,,,,,,,,,,,
,,,,,,,,,,,,,,,
